System,Type,Target_cm^-1,Pair_Density,Min_Distance
Fe I (NIST),atomic,0.0,0.00013955084006034348,0.000999999996565748
Fe I (NIST),atomic,0.02512562814070352,0.00015340039863360008,0.00012562814652428492
Fe I (NIST),atomic,0.05025125628140704,0.0001637405684628171,0.004748743718884001
Fe I (NIST),atomic,0.07537688442211056,0.0001709755673752149,0.0026231155792282163
Fe I (NIST),atomic,0.10050251256281408,0.00017579062023262548,0.019502512564502097
Fe I (NIST),atomic,0.1256281407035176,0.00017878054676824225,0.001371859296889849
Fe I (NIST),atomic,0.15075376884422112,0.00018020861569948874,0.00024623115379981964
Fe I (NIST),atomic,0.17587939698492464,0.00017999454074023254,0.00012060302182745342
Fe I (NIST),atomic,0.20100502512562815,0.00017790521771264426,5.025124696828032e-06
Fe I (NIST),atomic,0.22613065326633167,0.00017382279955822314,0.004130653264760059
Fe I (NIST),atomic,0.2512562814070352,0.00016794197555003052,0.001256281407035209
Fe I (NIST),atomic,0.2763819095477387,0.000160803700769224,0.009381909547913347
Fe I (NIST),atomic,0.30150753768844224,0.00015316595484013478,0.0005075376889661087
Fe I (NIST),atomic,0.32663316582914576,0.00014579010468289917,0.0023668341760347267
Fe I (NIST),atomic,0.35175879396984927,0.00013924800118437458,0.003241206033352151
Fe I (NIST),atomic,0.3768844221105528,0.00013382623029083808,0.003884422103684282
Fe I (NIST),atomic,0.4020100502512563,0.00012954422020002859,0.0020100502498011097
Fe I (NIST),atomic,0.4271356783919598,0.00012624748533585976,0.006864321609146129
Fe I (NIST),atomic,0.45226130653266333,0.0001237132153743231,0.00026130653516626134
Fe I (NIST),atomic,0.47738693467336685,0.00012171913915707955,0.0003869346744145852
Fe I (NIST),atomic,0.5025125628140704,0.00012006345790659995,0.007512562811451073
Fe I (NIST),atomic,0.5276381909547739,0.00011855841018836679,0.001638190956752994
Fe I (NIST),atomic,0.5527638190954774,0.00011703216062683898,0.00023618090440613582
Fe I (NIST),atomic,0.577889447236181,0.00011535877020183448,0.0021105527655652656
Fe I (NIST),atomic,0.6030150753768845,0.00011350689398382968,0.003984924619448438
Fe I (NIST),atomic,0.628140703517588,0.00011157548393021625,0.0021407035137462893
Fe I (NIST),atomic,0.6532663316582915,0.00010978447973819014,0.01626633165584679
Fe I (NIST),atomic,0.678391959798995,0.00010841067497851736,0.001608040194020055
Fe I (NIST),atomic,0.7035175879396985,0.00010768978506824479,0.015482412057623907
Fe I (NIST),atomic,0.7286432160804021,0.00010772654123241128,0.0016432160814497943
Fe I (NIST),atomic,0.7537688442211056,0.00010845348871613288,0.002231155780116789
Fe I (NIST),atomic,0.7788944723618091,0.00010965721832211239,0.00010552764046101171
Fe I (NIST),atomic,0.8040201005025126,0.00011106013256472489,0.0009798994977784359
Fe I (NIST),atomic,0.8291457286432161,0.00011242195268407391,0.0011457286491532992
Fe I (NIST),atomic,0.8542713567839196,0.0001136186872869549,0.0012713567811256654
Fe I (NIST),atomic,0.8793969849246231,0.00011466925302772057,0.01039698492584551
Fe I (NIST),atomic,0.9045226130653267,0.0001157040591532779,0.0005226130630565651
Fe I (NIST),atomic,0.9296482412060302,0.00011689358684545612,0.004648241210395754
Fe I (NIST),atomic,0.9547738693467337,0.0001183676528531076,0.0012261306515782833
Fe I (NIST),atomic,0.9798994974874372,0.0001201538497920576,0.00789949749314156
Fe I (NIST),atomic,1.0050251256281408,0.00012215121776041894,2.512563076018104e-05
Fe I (NIST),atomic,1.0301507537688444,0.0001241416591967919,0.0018492462303989488
Fe I (NIST),atomic,1.0552763819095479,0.0001258337066096837,0.004276381910071736
Fe I (NIST),atomic,1.0804020100502514,0.00012693076518986127,0.00040201004850515254
Fe I (NIST),atomic,1.105527638190955,0.00012721335271177468,0.0025276381954368876
Fe I (NIST),atomic,1.1306532663316584,0.00012661791343329174,0.005346733666944603
Fe I (NIST),atomic,1.155778894472362,0.0001252862149962696,0.0007788944735260817
Fe I (NIST),atomic,1.1809045226130654,0.0001235581515588959,0.0039045226170235647
Fe I (NIST),atomic,1.206030150753769,0.0001218950419826122,0.006030150749403385
Fe I (NIST),atomic,1.2311557788944725,0.00012074907122058125,0.012155778897150027
Fe I (NIST),atomic,1.256281407035176,0.00012042450723570053,0.005718592967268732
Fe I (NIST),atomic,1.2814070351758795,0.00012098941988839257,0.00440703517401686
Fe I (NIST),atomic,1.306532663316583,0.00012228068832336535,0.005467336681496127
Fe I (NIST),atomic,1.3316582914572865,0.0001240035650460733,0.0026582914593820117
Fe I (NIST),atomic,1.35678391959799,0.00012587958942019957,0.0017839196020645876
Fe I (NIST),atomic,1.3819095477386936,0.0001277692669009428,9.045226637049986e-05
Fe I (NIST),atomic,1.407035175879397,0.00012970608229818562,0.004035175880968689
Fe I (NIST),atomic,1.4321608040201006,0.00013182335914915582,0.0008391959844396002
Fe I (NIST),atomic,1.4572864321608041,0.00013421206021307837,0.024286432156263915
Fe I (NIST),atomic,1.4824120603015076,0.0001367848331567018,0.0004120603051747107
Fe I (NIST),atomic,1.5075376884422111,0.00013921899474056282,0.0004623115594186711
Fe I (NIST),atomic,1.5326633165829147,0.00014101121828419524,0.0013366834167360953
Fe I (NIST),atomic,1.5577889447236182,0.00014162259217964467,0.0002110552736460658
Fe I (NIST),atomic,1.5829145728643217,0.00014065302954876775,0.0029145728625754597
Fe I (NIST),atomic,1.6080402010050252,0.00013797586259795165,0.015959798998409047
Fe I (NIST),atomic,1.6331658291457287,0.00013378551630818117,0.002834170852874296
Fe I (NIST),atomic,1.6582914572864322,0.00012854886505582144,0.00029145728334722953
Fe I (NIST),atomic,1.6834170854271358,0.00012288682373746377,0.0015829145705359426
Fe I (NIST),atomic,1.7085427135678393,0.0001174338905799915,0.02345728642849365
Fe I (NIST),atomic,1.7336683417085428,0.00011272338056492517,0.0016683417122098643
Fe I (NIST),atomic,1.7587939698492463,0.0001091260729136461,0.002206030149356719
Fe I (NIST),atomic,1.7839195979899498,0.00010683961172179462,8.040200970094169e-05
Fe I (NIST),atomic,1.8090452261306533,0.00010590160520839577,0.007954773872082432
Fe I (NIST),atomic,1.8341708542713568,0.00010619591112426293,0.009170854274267226
Fe I (NIST),atomic,1.8592964824120604,0.00010744168369350447,0.005296482412700643
Fe I (NIST),atomic,1.8844221105527639,0.00010918420592511366,0.0044221105553832185
Fe I (NIST),atomic,1.9095477386934674,0.00011082260213205457,0.004547738694631542
Fe I (NIST),atomic,1.934673366834171,0.00011169747176933971,0.0006733668330649589
Fe I (NIST),atomic,1.9597989949748744,0.00011122667908263119,0.006798994973535644
Fe I (NIST),atomic,1.984924623115578,0.00010904287790530457,7.537688500414141e-05
Fe I (NIST),atomic,2.0100502512562817,0.00010507623623416829,0.008050251255874219
Fe I (NIST),atomic,2.035175879396985,9.954863405213964e-05,0.006175879401991047
Fe I (NIST),atomic,2.0603015075376887,9.288782464335246e-05,0.00030150753274105213
Fe I (NIST),atomic,2.085427135678392,8.560588859130131e-05,0.004427135680080241
Fe I (NIST),atomic,2.1105527638190957,7.819526439957666e-05,0.006552763819736018
Fe I (NIST),atomic,2.1356783919597992,7.107529803300182e-05,0.0013216080426454724
Fe I (NIST),atomic,2.1608040201005028,6.458817300736359e-05,0.00419597990037035
Fe I (NIST),atomic,2.1859296482412063,5.9017158357808936e-05,0.0009296482435345865
Fe I (NIST),atomic,2.21105527638191,5.4596286803668695e-05,0.013055276377951675
Fe I (NIST),atomic,2.2361809045226133,5.1497276136057154e-05,0.004180904519004436
Fe I (NIST),atomic,2.261306532663317,4.980265397288798e-05,0.014693467334704113
Fe I (NIST),atomic,2.2864321608040203,4.948742163649935e-05,0.005567839189984269
Fe I (NIST),atomic,2.311557788944724,5.042729001850955e-05,0.008442211054985105
Fe I (NIST),atomic,2.3366834170854274,5.243403668966569e-05,0.004316582914921874
Fe I (NIST),atomic,2.361809045226131,5.530063854797019e-05,0.0021909547752660963
Fe I (NIST),atomic,2.3869346733668344,5.88325926368437e-05,0.01593467336764931
Fe I (NIST),atomic,2.412060301507538,6.285091918121055e-05,0.0020603015040454586
Fe I (NIST),atomic,2.4371859296482414,6.717038596896767e-05,0.01518592964958021
Fe I (NIST),atomic,2.462311557788945,7.157193999846449e-05,0.0006884422071551377
Fe I (NIST),atomic,2.4874371859296485,7.579191940531335e-05,0.0025628140683142675
Fe I (NIST),atomic,2.512562814070352,7.954065109216293e-05,0.01643718592464216
Fe I (NIST),atomic,2.5376884422110555,8.254572422289023e-05,0.0013115577859759142
Fe I (NIST),atomic,2.562814070351759,8.460070087333289e-05,0.002185929650569296
Fe I (NIST),atomic,2.5879396984924625,8.559667150314227e-05,0.0009396984929281871
Fe I (NIST),atomic,2.613065326633166,8.552394214702847e-05,0.01706532663543614
Fe I (NIST),atomic,2.6381909547738696,8.44485602375829e-05,0.005190954772239742
Fe I (NIST),atomic,2.663316582914573,8.248267388878572e-05,0.0006834170824583374
Fe I (NIST),atomic,2.6884422110552766,7.9769376711355e-05,0.002442211053763188
Fe I (NIST),atomic,2.71356783919598,7.648975736242075e-05,0.0005678391926040582
Fe I (NIST),atomic,2.7386934673366836,7.288018884990878e-05,0.009693467337323902
Fe I (NIST),atomic,2.763819095477387,6.923486328032785e-05,0.0001809045254650421
Fe I (NIST),atomic,2.7889447236180906,6.587248123004892e-05,0.0010552763827824663
Fe I (NIST),atomic,2.814070351758794,6.30665219566564e-05,0.008929648245163957
Fe I (NIST),atomic,2.8391959798994977,6.0963942872774295e-05,0.01619597989553956
Fe I (NIST),atomic,2.864321608040201,5.9531358587833854e-05,0.0006783919577615372
Fe I (NIST),atomic,2.8894472361809047,5.856056405458768e-05,0.0004472361780525347
Fe I (NIST),atomic,2.9145728643216082,5.773932428631567e-05,0.01342713567827536
Fe I (NIST),atomic,2.9396984924623117,5.676268951754552e-05,0.00069849246382514
Fe I (NIST),atomic,2.9648241206030153,5.5441407073785514e-05,0.006824120604295825
Fe I (NIST),atomic,2.9899497487437188,5.3766488966602424e-05,0.011050251256484955
Fe I (NIST),atomic,3.0150753768844223,5.190954014991884e-05,0.013924623110571854
Fe I (NIST),atomic,3.040201005025126,5.016490833892737e-05,0.007201005029316754
Fe I (NIST),atomic,3.0653266331658293,4.885923801852394e-05,0.0026733668334721905
Fe I (NIST),atomic,3.090452261306533,4.8260207056622846e-05,0.013547738692826883
Fe I (NIST),atomic,3.1155778894472363,4.851063459029854e-05,0.00642211055579045
Fe I (NIST),atomic,3.14070351758794,4.960247823965724e-05,0.013296482414330235
Fe I (NIST),atomic,3.1658291457286434,5.13925529827269e-05,0.00017085426879548393
Fe I (NIST),atomic,3.190954773869347,5.36506104516093e-05,0.01295477386946331
Fe I (NIST),atomic,3.2160804020100504,5.612202630360807e-05,0.0010804020062669117
Fe I (NIST),atomic,3.241206030150754,5.858375499501665e-05,0.002793969848023714
Fe I (NIST),atomic,3.2663316582914574,6.087580011862738e-05,0.000331658295473769
Fe I (NIST),atomic,3.291457286432161,6.290147016033433e-05,0.0015427135656853608
Fe I (NIST),atomic,3.3165829145728645,6.460420611547574e-05,0.009417085428066851
Fe I (NIST),atomic,3.341708542713568,6.593956007050558e-05,0.012708542715663462
Fe I (NIST),atomic,3.3668341708542715,6.686149324916884e-05,0.0008341708524670643
Fe I (NIST),atomic,3.391959798994975,6.733137763510528e-05,0.0049597989925302954
Fe I (NIST),atomic,3.4170854271356785,6.734183061186517e-05,0.010914572864205052
Fe I (NIST),atomic,3.442211055276382,6.693596750340124e-05,0.00021105527364628784
Fe I (NIST),atomic,3.4673366834170856,6.620408670000223e-05,0.001663316587512842
Fe I (NIST),atomic,3.492462311557789,6.525463690439226e-05,0.023462311553190673
Fe I (NIST),atomic,3.5175879396984926,6.417566267247592e-05,0.004412060305989396
Fe I (NIST),atomic,3.542713567839196,6.301337337131262e-05,0.0027135678383229944
Fe I (NIST),atomic,3.5678391959798996,6.178693424025712e-05,0.003160804016375085
Fe I (NIST),atomic,3.592964824120603,6.05354123442112e-05,0.002964824116819642
Fe I (NIST),atomic,3.6180904522613067,5.936787951020531e-05,0.0030904522633439235
Fe I (NIST),atomic,3.64321608040201,5.8478130740804344e-05,0.0007839195982226599
Fe I (NIST),atomic,3.6683417085427137,5.810031056819716e-05,0.022341708542073402
Fe I (NIST),atomic,3.693467336683417,5.841485347989148e-05,0.013532663311460524
Fe I (NIST),atomic,3.7185929648241207,5.9447052699402576e-05,0.005407035177858344
Fe I (NIST),atomic,3.7437185929648242,6.1013278384791605e-05,0.007281407031741516
Fe I (NIST),atomic,3.7688442211055277,6.275293729645678e-05,0.0038442210988338665
Fe I (NIST),atomic,3.7939698492462313,6.424457839937995e-05,0.0019698492449506944
Fe I (NIST),atomic,3.819095477386935,6.516163530431177e-05,0.001904522616615889
Fe I (NIST),atomic,3.8442211055276383,6.539901282385862e-05,0.005778894470906515
Fe I (NIST),atomic,3.869346733668342,6.51092512790139e-05,0.004653266331454464
Fe I (NIST),atomic,3.8944723618090453,6.462456718538454e-05,0.019527638187986085
Fe I (NIST),atomic,3.919597989949749,6.429271393077405e-05,0.0004020100485049305
Fe I (NIST),atomic,3.9447236180904524,6.429708732675206e-05,0.024723618092198585
Fe I (NIST),atomic,3.969849246231156,6.4544375246291e-05,0.009150753768203845
Fe I (NIST),atomic,3.9949748743718594,6.467809471197922e-05,0.0009748743730817466
Fe I (NIST),atomic,4.020100502512563,6.42224176281719e-05,0.008899497489706754
Fe I (NIST),atomic,4.045226130653266,6.280110121624853e-05,0.0002261306550126463
Fe I (NIST),atomic,4.07035175879397,6.03389086820619e-05,0.0043517587950763215
Fe I (NIST),atomic,4.0954773869346734,5.7156338761262436e-05,0.012477386935954016
Fe I (NIST),atomic,4.120603015075377,5.3912339645073596e-05,0.011603015078637036
Fe I (NIST),atomic,4.1457286432160805,5.141390127885392e-05,0.029271356786829905
Fe I (NIST),atomic,4.170854271356784,5.036630008226586e-05,0.004145728646125946
Fe I (NIST),atomic,4.1959798994974875,5.115892646338241e-05,0.020979899494577126
Fe I (NIST),atomic,4.2211055276381915,5.376157103594189e-05,0.027894472357966826
Fe I (NIST),atomic,4.2462311557788945,5.775661909979328e-05,0.002768844217263755
Fe I (NIST),atomic,4.2713567839195985,6.247799303697893e-05,0.0003567839189582145
Fe I (NIST),atomic,4.296482412060302,6.71923208366533e-05,0.002482412058613548
Fe I (NIST),atomic,4.3216080402010055,7.125498187031871e-05,0.0013919597956766339
Fe I (NIST),atomic,4.346733668341709,7.419990987109547e-05,0.0007336683367027419
Fe I (NIST),atomic,4.371859296482413,7.575996517310576e-05,0.0011407035171799862
Fe I (NIST),atomic,4.396984924623116,7.584337433379798e-05,0.004984924623290254
Fe I (NIST),atomic,4.42211055276382,7.449868780293106e-05,0.0018894472352490865
Fe I (NIST),atomic,4.447236180904523,7.188815017485664e-05,0.00023618090440624684
Fe I (NIST),atomic,4.472361809045227,6.827051104874749e-05,0.010638190954948001
Fe I (NIST),atomic,4.49748743718593,6.398270856650157e-05,0.01448743718575507
Fe I (NIST),atomic,4.522613065326634,5.9410447160839974e-05,0.003386934671387287
Fe I (NIST),atomic,4.547738693467337,5.494579026004562e-05,0.0012613065317319538
Fe I (NIST),atomic,4.572864321608041,5.093762788742532e-05,0.005864321605304923
Fe I (NIST),atomic,4.597989949748744,4.764412610145856e-05,0.00301005025364276
Fe I (NIST),atomic,4.623115577889448,4.519615614184267e-05,0.007884422111774647
Fe I (NIST),atomic,4.648241206030151,4.357993052864212e-05,0.017241206028928424
Fe I (NIST),atomic,4.673366834170855,4.2645929809999356e-05,0.005633165832870546
Fe I (NIST),atomic,4.698492462311558,4.2147484222733655e-05,0.0035075376932152125
Fe I (NIST),atomic,4.723618090452262,4.180461932467182e-05,0.010381909551754553
Fe I (NIST),atomic,4.748743718592965,4.137899765432086e-05,0.004743718594187207
Fe I (NIST),atomic,4.773869346733669,4.073889777362839e-05,0.006869346733843429
Fe I (NIST),atomic,4.798994974874372,3.98937135187917e-05,0.0009949748718689477
Fe I (NIST),atomic,4.824120603015076,3.898649204884029e-05,0.0038793969862629396
Fe I (NIST),atomic,4.849246231155779,3.824733065513719e-05,0.015246231160493728
Fe I (NIST),atomic,4.874371859296483,3.792413137039398e-05,0.006371859294270976
Fe I (NIST),atomic,4.899497487437186,3.8214505318954964e-05,0.019502512564502084
Fe I (NIST),atomic,4.92462311557789,3.922042165800248e-05,0.0036231155757944222
Fe I (NIST),atomic,4.949748743718593,4.093645660738893e-05,0.003251256282745807
Fe I (NIST),atomic,4.974874371859297,4.3267990822068066e-05,0.006874371858540229
Fe I (NIST),atomic,5.0,4.606409597966754e-05,0.0
Fe II (NIST),atomic,0.0,7.551722128973053e-05,0.0010000000038417056
Fe II (NIST),atomic,0.02512562814070352,8.025553864491036e-05,0.002125628139655781
Fe II (NIST),atomic,0.05025125628140704,8.172680772052153e-05,0.0002512562784966546
Fe II (NIST),atomic,0.07537688442211056,8.02134854460543e-05,0.002376884418152439
Fe II (NIST),atomic,0.10050251256281408,7.63924457981784e-05,0.0005025125715452244
Fe II (NIST),atomic,0.1256281407035176,7.111338911747425e-05,0.0006281407035176045
Fe II (NIST),atomic,0.15075376884422112,6.519142381879086e-05,0.004753768836304878
Fe II (NIST),atomic,0.17587939698492464,5.928369938046323e-05,0.004120603022642361
Fe II (NIST),atomic,0.20100502512562815,5.386423361849965e-05,0.004005025125511735
Fe II (NIST),atomic,0.22613065326633167,4.926059533012141e-05,0.005130653261325807
Fe II (NIST),atomic,0.2512562814070352,4.569747883565098e-05,0.010256281397954814
Fe II (NIST),atomic,0.2763819095477387,4.330900150436576e-05,0.002381909542849281
Fe II (NIST),atomic,0.30150753768844224,4.211640538029239e-05,0.013492462313886067
Fe II (NIST),atomic,0.32663316582914576,4.199680081404307e-05,0.008633165829844247
Fe II (NIST),atomic,0.35175879396984927,4.267624365385589e-05,0.0002412060291029916
Fe II (NIST),atomic,0.3768844221105528,4.376656938143033e-05,0.006115577891077029
Fe II (NIST),atomic,0.4020100502512563,4.484144539499092e-05,1.0050249393656063e-05
Fe II (NIST),atomic,0.4271356783919598,4.552718324448532e-05,0.00013567838136602228
Fe II (NIST),atomic,0.45226130653266333,4.5577012774296704e-05,0.008261306544072033
Fe II (NIST),atomic,0.47738693467336685,4.4904829736312646e-05,0.005613065334083733
Fe II (NIST),atomic,0.5025125628140704,4.357078443457922e-05,0.001487437186744489
Fe II (NIST),atomic,0.5276381909547739,4.172891858373085e-05,0.0006381909529112884
Fe II (NIST),atomic,0.5527638190954774,3.955950813547032e-05,0.009236180909877656
Fe II (NIST),atomic,0.577889447236181,3.7211544040161974e-05,0.01588944723082586
Fe II (NIST),atomic,0.6030150753768845,3.477332691288515e-05,0.008015075375720326
Fe II (NIST),atomic,0.628140703517588,3.2275131632579686e-05,0.003140703517587995
Fe II (NIST),atomic,0.6532663316582915,2.971412197140557e-05,0.00026633166713907475
Fe II (NIST),atomic,0.678391959798995,2.7084886582712996e-05,0.020391959803185977
Fe II (NIST),atomic,0.7035175879396985,2.4401761173586047e-05,0.02348241205925372
Fe II (NIST),atomic,0.7286432160804021,2.17082189888832e-05,0.0016432160814497943
Fe II (NIST),atomic,0.7537688442211056,1.9077143127279648e-05,0.0017688442279740757
Fe II (NIST),atomic,0.7788944723618091,1.6608223282911265e-05,0.008105527634814869
Fe II (NIST),atomic,0.8040201005025126,1.4424780770314286e-05,0.004020100499602219
Fe II (NIST),atomic,0.8291457286432161,1.2666639629988227e-05,0.029145728640305735
Fe II (NIST),atomic,0.8542713567839196,1.1473689859710257e-05,0.05427135678100925
Fe II (NIST),atomic,0.8793969849246231,1.0958620922206728e-05,0.07939698492171277
Fe II (NIST),atomic,0.9045226130653267,1.1174495651136298e-05,0.05547738694107618
Fe II (NIST),atomic,0.9296482412060302,1.2088617424866495e-05,0.030351758800372663
Fe II (NIST),atomic,0.9547738693467337,1.3574741050393872e-05,0.005226130659669148
Fe II (NIST),atomic,0.9798994974874372,1.5430311311240817e-05,0.019899497481034367
Fe II (NIST),atomic,1.0050251256281408,1.741626835696314e-05,0.0009748743803574822
Fe II (NIST),atomic,1.0301507537688444,1.930791013085231e-05,0.0038492462308064024
Fe II (NIST),atomic,1.0552763819095479,2.094032722565497e-05,0.0027236180804404153
Fe II (NIST),atomic,1.0804020100502514,2.2233550809755278e-05,0.015597989954754476
Fe II (NIST),atomic,1.105527638190955,2.3190529542236165e-05,0.0054723618134688845
Fe II (NIST),atomic,1.1306532663316584,2.3871965658368822e-05,0.017346733669389325
Fe II (NIST),atomic,1.155778894472362,2.436067758202019e-05,0.0077788944713141905
Fe II (NIST),atomic,1.1809045226130654,2.473033635568351e-05,0.011095477382394359
Fe II (NIST),atomic,1.206030150753769,2.5028588365127142e-05,3.015076273293893e-05
Fe II (NIST),atomic,1.2311557788944725,2.5276109619203688e-05,0.015155778894123229
Fe II (NIST),atomic,1.256281407035176,2.5475998267774612e-05,0.004281407042044494
Fe II (NIST),atomic,1.2814070351758795,2.5625392160064895e-05,0.013592964822374265
Fe II (NIST),atomic,1.306532663316583,2.5723258174129106e-05,0.0045326633205411415
Fe II (NIST),atomic,1.3316582914572865,2.5772467361970254e-05,0.00965829145717012
Fe II (NIST),atomic,1.35678391959799,2.577784150644422e-05,0.0022160803987503197
Fe II (NIST),atomic,1.3819095477386936,2.5743419250784328e-05,0.01190954774335018
Fe II (NIST),atomic,1.407035175879397,2.5671679513990834e-05,0.0010351758767195296
Fe II (NIST),atomic,1.4321608040201006,2.556555057488681e-05,0.01883919596627881
Fe II (NIST),atomic,1.4572864321608041,2.543183046303308e-05,0.00028643216592638687
Fe II (NIST),atomic,1.4824120603015076,2.5283572812011506e-05,0.0005879397059429525
Fe II (NIST),atomic,1.5075376884422111,2.51401176997975e-05,0.01853768844081416
Fe II (NIST),atomic,1.5326633165829147,2.5026297814765105e-05,0.006336683421392708
Fe II (NIST),atomic,1.5577889447236182,2.497456657450953e-05,0.018788944719310807
Fe II (NIST),atomic,1.5829145728643217,2.503270433593172e-05,0.011085427133000758
Fe II (NIST),atomic,1.6080402010050252,2.52750023835853e-05,0.0020402010052580355
Fe II (NIST),atomic,1.6331658291457287,2.580948982053407e-05,0.010165829153412131
Fe II (NIST),atomic,1.6582914572864322,2.6772357817234373e-05,0.004708542714033426
Fe II (NIST),atomic,1.6834170854271358,2.8305298760226137e-05,0.015582914580664076
Fe II (NIST),atomic,1.7085427135678393,3.0519436142569885e-05,0.00954271356003944
Fe II (NIST),atomic,1.7336683417085428,3.3455548297852885e-05,0.00933165829366911
Fe II (NIST),atomic,1.7587939698492463,3.705086331134472e-05,0.00479396984843139
Fe II (NIST),atomic,1.7839195979899498,4.1119153598255314e-05,8.040200970094169e-05
Fe II (NIST),atomic,1.8090452261306533,4.534782869533542e-05,0.012045226124716146
Fe II (NIST),atomic,1.8341708542713568,4.931621948612474e-05,0.011170854267398722
Fe II (NIST),atomic,1.8592964824120604,5.254098913189321e-05,0.0012964824046097778
Fe II (NIST),atomic,1.8844221105527639,5.4551654534782026e-05,0.004577889442812344
Fe II (NIST),atomic,1.9095477386934674,5.4988033147608386e-05,0.004547738694631542
Fe II (NIST),atomic,1.934673366834171,5.3696058155142766e-05,0.0013266331673424947
Fe II (NIST),atomic,1.9597989949748744,5.0789190494025466e-05,0.00479899497312819
Fe II (NIST),atomic,1.984924623115578,4.6648713539382275e-05,0.008075376879357998
Fe II (NIST),atomic,2.0100502512562817,4.185736616072594e-05,0.010050251256281673
Fe II (NIST),atomic,2.035175879396985,3.708624442535021e-05,0.014824120605925195
Fe II (NIST),atomic,2.0603015075376887,3.2970332754500946e-05,0.0003015075254650945
Fe II (NIST),atomic,2.085427135678392,3.0005721931127168e-05,0.019427135686774122
Fe II (NIST),atomic,2.1105527638190957,2.84856709235354e-05,0.007447236183116157
Fe II (NIST),atomic,2.1356783919597992,2.8475312151839195e-05,0.004321608039618674
Fe II (NIST),atomic,2.1608040201005028,2.9816670854421223e-05,0.0018040201008520107
Fe II (NIST),atomic,2.1859296482412063,3.215847808549327e-05,0.026929648241555526
Fe II (NIST),atomic,2.21105527638191,3.5011679288033227e-05,0.02394472361867228
Fe II (NIST),atomic,2.2361809045226133,3.78320404120284e-05,0.0011809045220312342
Fe II (NIST),atomic,2.261306532663317,4.012209821949647e-05,0.002306532657845306
Fe II (NIST),atomic,2.2864321608040203,4.153104658944573e-05,0.003432160808211293
Fe II (NIST),atomic,2.311557788944724,4.1923160318293077e-05,0.006557788937156861
Fe II (NIST),atomic,2.3366834170854274,4.1390586576763434e-05,0.009683417080654344
Fe II (NIST),atomic,2.361809045226131,4.02041623305641e-05,0.003809045218680307
Fe II (NIST),atomic,2.3869346733668344,3.871796240802194e-05,0.002065326628741815
Fe II (NIST),atomic,2.412060301507538,3.725904083739689e-05,0.00406030151172887
Fe II (NIST),atomic,2.4371859296482414,3.603701027057936e-05,0.0008140703464034615
Fe II (NIST),atomic,2.462311557788945,3.509922149737966e-05,0.001688442218272801
Fe II (NIST),atomic,2.4874371859296485,3.4341526532641206e-05,0.023437185922430714
Fe II (NIST),atomic,2.512562814070352,3.356772002384045e-05,0.017437185928483867
Fe II (NIST),atomic,2.5376884422110555,3.257679664402122e-05,0.001688442218273245
Fe II (NIST),atomic,2.562814070351759,3.124881186254533e-05,0.0011859296467275904
Fe II (NIST),atomic,2.5879396984924625,2.9599839053010728e-05,0.007060301508701627
Fe II (NIST),atomic,2.613065326633166,2.7785973442129248e-05,0.018065326632001888
Fe II (NIST),atomic,2.6381909547738696,2.6054233817627686e-05,0.010809045231019887
Fe II (NIST),atomic,2.663316582914573,2.465872185259191e-05,0.014316582909683628
Fe II (NIST),atomic,2.6884422110552766,2.3774753211026427e-05,0.01055778895252324
Fe II (NIST),atomic,2.71356783919598,2.344464569901797e-05,0.014567839188180276
Fe II (NIST),atomic,2.7386934673366836,2.3575197847491615e-05,0.019306532664946197
Fe II (NIST),atomic,2.763819095477387,2.3984666299863387e-05,0.005819095475757319
Fe II (NIST),atomic,2.7889447236180906,2.4476704482965332e-05,0.0020552763793482143
Fe II (NIST),atomic,2.814070351758794,2.4909664784860398e-05,0.001929648247375848
Fe II (NIST),atomic,2.8391959798994977,2.523533359773606e-05,0.0028040201046932722
Fe II (NIST),atomic,2.864321608040201,2.549741268282787e-05,0.022321608036010243
Fe II (NIST),atomic,2.8894472361809047,2.579776757703166e-05,0.028552763824217564
Fe II (NIST),atomic,2.9145728643216082,2.624895434898778e-05,0.0034271356835140487
Fe II (NIST),atomic,2.9396984924623117,2.6931426086932684e-05,0.006698492457771543
Fe II (NIST),atomic,2.9648241206030153,2.7866229755421923e-05,0.00882412059742732
Fe II (NIST),atomic,2.9899497487437188,2.900544307322293e-05,0.0010502512508097084
Fe II (NIST),atomic,3.0150753768844223,3.0237999375684945e-05,0.0030753768965294803
Fe II (NIST),atomic,3.040201005025126,3.140820542455347e-05,0.006201005025475048
Fe II (NIST),atomic,3.0653266331658293,3.234482947229021e-05,0.006673366834287098
Fe II (NIST),atomic,3.090452261306533,3.2896946288464896e-05,0.01154773869241943
Fe II (NIST),atomic,3.1155778894472363,3.2968949474514636e-05,0.0074221105450802405
Fe II (NIST),atomic,3.14070351758794,3.254465670628752e-05,0.0017035175923636459
Fe II (NIST),atomic,3.1658291457286434,3.16925782520894e-05,0.01582914571991223
Fe II (NIST),atomic,3.190954773869347,3.055114192845897e-05,0.021045226130187444
Fe II (NIST),atomic,3.2160804020100504,2.9300151180844943e-05,0.0019195979979822475
Fe II (NIST),atomic,3.241206030150754,2.8128437988545008e-05,0.020793969851690797
Fe II (NIST),atomic,3.2663316582914574,2.7205994832373772e-05,0.003331658285171013
Fe II (NIST),atomic,3.291457286432161,2.6664303282912565e-05,0.0034572864316952945
Fe II (NIST),atomic,3.3165829145728645,2.6585059968654005e-05,0.0185829145776375
Fe II (NIST),atomic,3.341708542713568,2.6996788411070875e-05,0.043708542718341015
Fe II (NIST),atomic,3.3668341708542715,2.787932809409431e-05,0.026165829142119623
Fe II (NIST),atomic,3.391959798994975,2.9175329605716084e-05,0.0010402010014161078
Fe II (NIST),atomic,3.4170854271356785,3.080531889981771e-05,0.00208542712752946
Fe II (NIST),atomic,3.442211055276382,3.2681070559410556e-05,0.00921105527184185
Fe II (NIST),atomic,3.4673366834170856,3.4713366868692866e-05,0.034336683412545366
Fe II (NIST),atomic,3.492462311557789,3.6814052371972194e-05,0.032537688436390155
Fe II (NIST),atomic,3.5175879396984926,3.8895171325722875e-05,0.00741206029568664
Fe II (NIST),atomic,3.542713567839196,4.086731170196182e-05,0.006713567831861944
Fe II (NIST),atomic,3.5678391959798996,4.263647904461848e-05,0.003839195981413024
Fe II (NIST),atomic,3.592964824120603,4.409816990774995e-05,0.007964824128752213
Fe II (NIST),atomic,3.6180904522613067,4.513127910675939e-05,0.00109045226293647
Fe II (NIST),atomic,3.64321608040201,4.560019335172989e-05,0.011216080404222062
Fe II (NIST),atomic,3.6683417085427137,4.537441634356411e-05,0.013658291457984806
Fe II (NIST),atomic,3.693467336683417,4.4367232998002704e-05,0.0015326633090158026
Fe II (NIST),atomic,3.7185929648241207,4.258134296703997e-05,0.0015929648199297652
Fe II (NIST),atomic,3.7437185929648242,4.013919464162269e-05,0.015718592962030264
Fe II (NIST),atomic,3.7688442211055277,3.727740026619519e-05,0.010155778889466394
Fe II (NIST),atomic,3.7939698492462313,3.429919815963711e-05,0.004969849241923896
Fe II (NIST),atomic,3.819095477386935,3.149891201484195e-05,0.0050954773884481774
Fe II (NIST),atomic,3.8442211055276383,2.9086657362354396e-05,0.0032211055272890476
Fe II (NIST),atomic,3.869346733668342,2.714268313322082e-05,0.00034673366228821223
Fe II (NIST),atomic,3.8944723618090453,2.5618756563202245e-05,0.0054723618134691066
Fe II (NIST),atomic,3.919597989949749,2.4385182634696487e-05,0.017597989947886195
Fe II (NIST),atomic,3.9447236180904524,2.33045901950022e-05,0.007276381914320673
Fe II (NIST),atomic,3.969849246231156,2.2303816101182658e-05,0.0008492462338334228
Fe II (NIST),atomic,3.9949748743718594,2.1415946933409524e-05,0.002625125630562053
Fe II (NIST),atomic,4.020100502512563,2.0775379912793604e-05,0.004100502509303716
Fe II (NIST),atomic,4.045226130653266,2.056628507635267e-05,0.029226130650006787
Fe II (NIST),atomic,4.07035175879397,2.0943291340685435e-05,0.038648241202769995
Fe II (NIST),atomic,4.0954773869346734,2.195555804631576e-05,0.013522613062066924
Fe II (NIST),atomic,4.120603015075377,2.350584301232777e-05,0.011603015078637036
Fe II (NIST),atomic,4.1457286432160805,2.536315247134326e-05,0.025271356771463083
Fe II (NIST),atomic,4.170854271356784,2.7225458053513682e-05,0.00014572863075912323
Fe II (NIST),atomic,4.1959798994974875,2.8807212062890208e-05,0.0020201005064706123
Fe II (NIST),atomic,4.2211055276381915,2.9915433996996704e-05,0.003105527630158811
Fe II (NIST),atomic,4.2462311557788945,3.0484023339391334e-05,0.009231155777905009
Fe II (NIST),atomic,4.2713567839195985,3.0556418811710827e-05,0.02064321608168207
Fe II (NIST),atomic,4.296482412060302,3.0231601234991497e-05,0.0044824120590210015
Fe II (NIST),atomic,4.3216080402010055,2.9604803658635503e-05,0.0083919598007407
Fe II (NIST),atomic,4.346733668341709,2.8733744056243793e-05,0.005733668341359355
Fe II (NIST),atomic,4.371859296482413,2.764475902433081e-05,0.0018592964725172578
Fe II (NIST),atomic,4.396984924623116,2.6370642938913538e-05,0.002015075381773812
Fe II (NIST),atomic,4.42211055276382,2.499578497149628e-05,0.013110552764168837
Fe II (NIST),atomic,4.447236180904523,2.368219068195505e-05,0.007763819097223568
Fe II (NIST),atomic,4.472361809045227,2.2661268616191724e-05,0.017361809043480392
Fe II (NIST),atomic,4.49748743718593,2.219281365758438e-05,0.00751256281872692
Fe II (NIST),atomic,4.522613065326634,2.2505122283721213e-05,0.01761306532197704
Fe II (NIST),atomic,4.547738693467337,2.3733966640528558e-05,0.015261306527308172
Fe II (NIST),atomic,4.572864321608041,2.5875125524908083e-05,0.0038643216048974693
Fe II (NIST),atomic,4.597989949748744,2.8760670606155698e-05,1.0050249393600552e-05
Fe II (NIST),atomic,4.623115577889448,3.206667923718762e-05,0.013115577888865637
Fe II (NIST),atomic,4.648241206030151,3.53579136941127e-05,0.004758793975553566
Fe II (NIST),atomic,4.673366834170855,3.816860358223089e-05,0.00436683417644268
Fe II (NIST),atomic,4.698492462311558,4.0105608923216005e-05,0.009507537687161616
Fe II (NIST),atomic,4.723618090452262,4.094554848558608e-05,0.003381909546690487
Fe II (NIST),atomic,4.748743718592965,4.069094820928305e-05,0.0007437185860963424
Fe II (NIST),atomic,4.773869346733669,3.956031553196601e-05,0.005869346737277681
Fe II (NIST),atomic,4.798994974874372,3.791214161004453e-05,0.030994974877980752
Fe II (NIST),atomic,4.824120603015076,3.6131270291465835e-05,0.030879396980849627
Fe II (NIST),atomic,4.849246231155779,3.4522049674619906e-05,0.005753768840146556
Fe II (NIST),atomic,4.874371859296483,3.324701930516007e-05,0.005371859290429271
Fe II (NIST),atomic,4.899497487437186,3.232627851534727e-05,0.003497487443821612
Fe II (NIST),atomic,4.92462311557789,3.16850126091541e-05,0.0016231155826629262
Fe II (NIST),atomic,4.949748743718593,3.121964085441087e-05,0.011251256291651579
Fe II (NIST),atomic,4.974874371859297,3.085325977168097e-05,0.007125628144311946
Fe II (NIST),atomic,5.0,3.0564298759746333e-05,0.0060000000084983185
N I (NIST),atomic,0.0,0.0002472575332996073,0.00999999999476131
N I (NIST),atomic,0.02512562814070352,0.00029198163316830584,0.015125628145942208
N I (NIST),atomic,0.05025125628140704,0.00032723709411528726,0.0002512562784966546
N I (NIST),atomic,0.07537688442211056,0.0003481773034965302,0.004623115565083755
N I (NIST),atomic,0.10050251256281408,0.00035193343533514865,0.0005025125569933092
N I (NIST),atomic,0.1256281407035176,0.0003384014698267809,0.015628140702935528
N I (NIST),atomic,0.15075376884422112,0.0003103540767674843,0.0007537688354899708
N I (NIST),atomic,0.17587939698492464,0.00027283186641439863,0.024120603026716897
N I (NIST),atomic,0.20100502512562815,0.00023201283015473548,0.0010050251139866184
N I (NIST),atomic,0.22613065326633167,0.00019391063218045725,0.026130653254690134
N I (NIST),atomic,0.2512562814070352,0.00016325781167700524,0.05125628139539368
N I (NIST),atomic,0.2763819095477387,0.00014281292171275316,0.07638190953609719
N I (NIST),atomic,0.30150753768844224,0.00013316659660096076,0.05749246230829813
N I (NIST),atomic,0.32663316582914576,0.00013298541582381385,0.032366834167594616
N I (NIST),atomic,0.35175879396984927,0.0001395597248128864,0.0072412060268911005
N I (NIST),atomic,0.3768844221105528,0.00014950438120446937,0.009115577891688209
N I (NIST),atomic,0.4020100502512563,0.00015947222822573927,0.016010050249015306
N I (NIST),atomic,0.4271356783919598,0.0001667593317470617,0.002864321601055264
N I (NIST),atomic,0.45226130653266333,0.00016970782900092168,0.0032613065394154206
N I (NIST),atomic,0.47738693467336685,0.0001678554558189667,0.007613065327215229
N I (NIST),atomic,0.5025125628140704,0.00016184123735157605,0.0024874371905861947
N I (NIST),atomic,0.5276381909547739,0.00015313710625041154,0.02263819095011732
N I (NIST),atomic,0.5527638190954774,0.0001437069128624365,0.0472361808957914
N I (NIST),atomic,0.577889447236181,0.00013567836883965296,0.022110552755087887
N I (NIST),atomic,0.6030150753768845,0.00013105900933650194,0.0030150753710637135
N I (NIST),atomic,0.628140703517588,0.0001314718659954191,0.02814070351176723
N I (NIST),atomic,0.6532663316582915,0.0001378736183385797,0.053266331652470744
N I (NIST),atomic,0.678391959798995,0.00015026448438946872,0.055608040197745345
N I (NIST),atomic,0.7035175879396985,0.00016747753450118395,0.03048241205704183
N I (NIST),atomic,0.7286432160804021,0.00018718624381287166,0.005356783916338315
N I (NIST),atomic,0.7537688442211056,0.00020624030307836357,0.0197688442243652
N I (NIST),atomic,0.7788944723618091,0.00022132396814921143,0.003894472353077938
N I (NIST),atomic,0.8040201005025126,0.00022977907401084384,0.004020100499602219
N I (NIST),atomic,0.8291457286432161,0.000230328394218127,0.0051457286499682064
N I (NIST),atomic,0.8542713567839196,0.00022343906535592125,0.007728643224345855
N I (NIST),atomic,0.8793969849246231,0.0002111872401272906,0.01739698491635766
N I (NIST),atomic,0.9045226130653267,0.00019666784043203755,0.019477386933742014
N I (NIST),atomic,0.9296482412060302,0.0001831515067386938,0.005648241206961502
N I (NIST),atomic,0.9547738693467337,0.00017325849704094998,0.030773869347665017
N I (NIST),atomic,0.9798994974874372,0.00016838239851853188,0.02010050251256279
N I (NIST),atomic,1.0050251256281408,0.00016849023248558906,0.005025125628140836
N I (NIST),atomic,1.0301507537688444,0.00017230369122429528,0.009849246239304721
N I (NIST),atomic,1.0552763819095479,0.00017776919206230338,0.015276381901398794
N I (NIST),atomic,1.0804020100502514,0.00018266694442754008,0.01959798994101747
N I (NIST),atomic,1.105527638190955,0.00018519013204305415,0.005527638185134132
N I (NIST),atomic,1.1306532663316584,0.00018434274336924105,0.0006532663270018002
N I (NIST),atomic,1.155778894472362,0.0001800598319512084,0.004221105531130531
N I (NIST),atomic,1.1809045226130654,0.00017304155648018184,0.019095477384024173
N I (NIST),atomic,1.206030150753769,0.0001643889736550548,0.006030150756679342
N I (NIST),atomic,1.2311557788944725,0.00015519708430767964,0.031155778897382858
N I (NIST),atomic,1.256281407035176,0.0001462652641141183,0.023718592963659857
N I (NIST),atomic,1.2814070351758795,0.00013802024562392152,0.0014070351770436584
N I (NIST),atomic,1.306532663316583,0.00013064125169598618,0.0065326633136726375
N I (NIST),atomic,1.3316582914572865,0.00012428184684111818,0.001658291455540306
N I (NIST),atomic,1.35678391959799,0.00011924424846845481,0.02678391959624382
N I (NIST),atomic,1.3819095477386936,0.00011599548352825846,0.018090452255485667
N I (NIST),atomic,1.407035175879397,0.00011500141184443003,0.007035175885217848
N I (NIST),atomic,1.4321608040201006,0.00011645159550330192,0.03216080402592136
N I (NIST),atomic,1.4572864321608041,0.0001200108863431795,0.04271356783919589
N I (NIST),atomic,1.4824120603015076,0.00012473484947500308,0.017587939698492372
N I (NIST),atomic,1.5075376884422111,0.0001292242882776586,0.007537688442211143
N I (NIST),atomic,1.5326633165829147,0.00013199365467827815,0.007336683425234414
N I (NIST),atomic,1.5577889447236182,0.0001319309376419864,0.003788944719892884
N I (NIST),atomic,1.5829145728643217,0.00012867631437121196,0.0029145728625754597
N I (NIST),atomic,1.6080402010050252,0.0001227691176422194,0.008040201013756354
N I (NIST),atomic,1.6331658291457287,0.00011550067973965297,0.03316582915445987
N I (NIST),atomic,1.6582914572864322,0.00010852553387531609,0.058291457295163385
N I (NIST),atomic,1.6834170854271358,0.00010337322505394902,0.04658291456878971
N I (NIST),atomic,1.7085427135678393,0.00010102966544974118,0.021457286428086197
N I (NIST),atomic,1.7336683417085428,0.00010171564305759731,0.003668341712617318
N I (NIST),atomic,1.7587939698492463,0.00010490746625169816,0.028793969853320833
N I (NIST),atomic,1.7839195979899498,0.00010956032376250563,0.01608040201296057
N I (NIST),atomic,1.8090452261306533,0.00011443951171195789,0.009045226127742945
N I (NIST),atomic,1.8341708542713568,0.0001184497151485139,0.005829145725150697
N I (NIST),atomic,1.8592964824120604,0.00012087324097036764,0.0047035175893366254
N I (NIST),atomic,1.8844221105527639,0.00012147166677395474,0.02042211055136689
N I (NIST),atomic,1.9095477386934674,0.00012045597092986638,0.00045226131002507053
N I (NIST),atomic,1.934673366834171,0.00011837042143149129,0.024673366830678445
N I (NIST),atomic,1.9597989949748744,0.00011594989466971087,0.04020100502512558
N I (NIST),atomic,1.984924623115578,0.0001139937839343977,0.015075376884422065
N I (NIST),atomic,2.0100502512562817,0.00011326450529464329,0.007050251259308471
N I (NIST),atomic,2.035175879396985,0.0001143905677756923,0.032175879400011986
N I (NIST),atomic,2.0603015075376887,0.00011775590376620319,0.04469849245823676
N I (NIST),atomic,2.085427135678392,0.00012338968581273295,0.019572864317533245
N I (NIST),atomic,2.1105527638190957,0.00013090892755819358,0.00555276382317027
N I (NIST),atomic,2.1356783919597992,0.00013957429738696645,0.030678391963873786
N I (NIST),atomic,2.1608040201005028,0.00014847913554398253,0.01919597990706423
N I (NIST),atomic,2.1859296482412063,0.00015681881711220765,0.004070351761122026
N I (NIST),atomic,2.21105527638191,0.00016412690966414938,0.008944723619254358
N I (NIST),atomic,2.2361809045226133,0.00017036053099640352,0.016180904521449158
N I (NIST),atomic,2.261306532663317,0.0001757828205880475,0.03869346733959356
N I (NIST),atomic,2.2864321608040203,0.000180694680712622,0.013567839198890042
N I (NIST),atomic,2.311557788944724,0.00018515302022449826,0.008442211062261062
N I (NIST),atomic,2.3366834170854274,0.00018882839833829528,0.016683417078442453
N I (NIST),atomic,2.361809045226131,0.0001910887393209781,0.008190954783764415
N I (NIST),atomic,2.3869346733668344,0.00019128009676318026,0.013065326627344831
N I (NIST),atomic,2.412060301507538,0.00018906940317509074,0.0020603015040454586
N I (NIST),atomic,2.4371859296482414,0.00018467250130703393,0.02281407035816141
N I (NIST),atomic,2.462311557788945,0.00017883695636133605,0.0023115577825421063
N I (NIST),atomic,2.4874371859296485,0.0001725641203063731,0.006437185929881295
N I (NIST),atomic,2.512562814070352,0.0001666850663603627,0.03156281407058481
N I (NIST),atomic,2.5376884422110555,0.00016148611934678164,0.056688442211288326
N I (NIST),atomic,2.562814070351759,0.00015656794856446288,0.037185929654061756
N I (NIST),atomic,2.5879396984924625,0.00015101848506904453,0.01206030151335824
N I (NIST),atomic,2.613065326633166,0.00014383324991973676,0.0030653266325839645
N I (NIST),atomic,2.6381909547738696,0.0001344005318185636,0.01819095477852617
N I (NIST),atomic,2.663316582914573,0.00012284145291197775,0.026683417087755235
N I (NIST),atomic,2.6884422110552766,0.00011006675259285234,0.0015577889470517192
N I (NIST),atomic,2.71356783919598,9.75415466731711e-05,0.023567839193651796
N I (NIST),atomic,2.7386934673366836,8.686920074993856e-05,0.04869346733435531
N I (NIST),atomic,2.763819095477387,7.9361546423372e-05,0.07381909547505883
N I (NIST),atomic,2.7889447236180906,7.573984700771202e-05,0.057055276372363295
N I (NIST),atomic,2.814070351758794,7.603411522166948e-05,0.03192964823165978
N I (NIST),atomic,2.8391959798994977,7.966304367777183e-05,0.006804020090956264
N I (NIST),atomic,2.864321608040201,8.562336754619986e-05,0.01832160804974725
N I (NIST),atomic,2.8894472361809047,9.271271392393195e-05,0.010552763813274524
N I (NIST),atomic,2.9145728643216082,9.9741776032049e-05,0.014572864327428992
N I (NIST),atomic,2.9396984924623117,0.00010572840772007605,0.03969849246813251
N I (NIST),atomic,2.9648241206030153,0.00011007740252737974,0.031175879396169837
N I (NIST),atomic,2.9899497487437188,0.00011272693491393555,0.006050251255466321
N I (NIST),atomic,3.0150753768844223,0.00011420739653624106,0.015075376884422287
N I (NIST),atomic,3.040201005025126,0.00011554790945688263,0.0402010050251258
N I (NIST),atomic,3.0653266331658293,0.00011800468288288178,0.06532663316582932
N I (NIST),atomic,3.090452261306533,0.0001226634002087844,0.0535477386937
N I (NIST),atomic,3.1155778894472363,0.00013004266416917221,0.028422110552996482
N I (NIST),atomic,3.14070351758794,0.00013984964714868883,0.003296482412292967
N I (NIST),atomic,3.1658291457286434,0.0001509913627318281,0.02182914572841055
N I (NIST),atomic,3.190954773869347,0.0001618446446160387,0.0030452261337963193
N I (NIST),atomic,3.2160804020100504,0.00017068307550834077,0.016080402012960793
N I (NIST),atomic,3.241206030150754,0.00017609975246524868,0.008793969849246075
N I (NIST),atomic,3.2663316582914574,0.00017727766669664382,0.00633165829669613
N I (NIST),atomic,3.291457286432161,0.00017403647943119724,0.01454271356469583
N I (NIST),atomic,3.3165829145728645,0.00016668722094718578,0.010582914576007685
N I (NIST),atomic,3.341708542713568,0.00015580443496946304,0.0357085427167112
N I (NIST),atomic,3.3668341708542715,0.0001420409158122486,0.013165829150385111
N I (NIST),atomic,3.391959798994975,0.00012605947106253884,0.008040201013756132
N I (NIST),atomic,3.4170854271356785,0.0001085723228721309,0.007085427132186073
N I (NIST),atomic,3.442211055276382,9.04129936934418e-05,0.03221105527288959
N I (NIST),atomic,3.4673366834170856,7.255482696091339e-05,0.057336683413593104
N I (NIST),atomic,3.492462311557789,5.603446210658123e-05,0.08246231155429662
N I (NIST),atomic,3.5175879396984926,4.180306057395741e-05,0.10758793969500013
N I (NIST),atomic,3.542713567839196,3.057025585759175e-05,0.13271356783570365
N I (NIST),atomic,3.5678391959798996,2.270416691962074e-05,0.15783919597640717
N I (NIST),atomic,3.592964824120603,1.8215592268044393e-05,0.16303517588789518
N I (NIST),atomic,3.6180904522613067,1.6814592368712427e-05,0.13790954774719166
N I (NIST),atomic,3.64321608040201,1.8007112596605795e-05,0.11278391960648815
N I (NIST),atomic,3.6683417085427137,2.1202061445711842e-05,0.08765829146578463
N I (NIST),atomic,3.693467336683417,2.5811782740286613e-05,0.06253266332508112
N I (NIST),atomic,3.7185929648241207,3.133525378773672e-05,0.0374070351843776
N I (NIST),atomic,3.7437185929648242,3.740962284408652e-05,0.012281407043674086
N I (NIST),atomic,3.7688442211055277,4.381202495378975e-05,0.012844221097029429
N I (NIST),atomic,3.7939698492462313,5.040352959884849e-05,0.037969849237732944
N I (NIST),atomic,3.819095477386935,5.703308909737453e-05,0.06309547737843646
N I (NIST),atomic,3.8442211055276383,6.344732445287099e-05,0.05577889446654094
N I (NIST),atomic,3.869346733668342,6.926008597561829e-05,0.030653266325837425
N I (NIST),atomic,3.8944723618090453,7.401188916247866e-05,0.00552763818513391
N I (NIST),atomic,3.919597989949749,7.730301264930736e-05,0.0004020100485049305
N I (NIST),atomic,3.9447236180904524,7.89419117916326e-05,0.024723618092198585
N I (NIST),atomic,3.969849246231156,7.903849666506517e-05,0.03015075376884413
N I (NIST),atomic,3.9949748743718594,7.799693915033433e-05,0.005025125628140614
N I (NIST),atomic,4.020100502512563,7.640948442055585e-05,0.020100502512563345
N I (NIST),atomic,4.045226130653266,7.489486088435198e-05,0.045226130653266416
N I (NIST),atomic,4.07035175879397,7.394254880395103e-05,0.02964824121185039
N I (NIST),atomic,4.0954773869346734,7.381419759989319e-05,0.004522613071147319
N I (NIST),atomic,4.120603015075377,7.452641183044065e-05,0.02060301506955664
N I (NIST),atomic,4.1457286432160805,7.590892661455502e-05,0.045271356790089534
N I (NIST),atomic,4.170854271356784,7.770822590205815e-05,0.020145728649385575
N I (NIST),atomic,4.1959798994974875,7.96930539520646e-05,0.0049798994913174965
N I (NIST),atomic,4.2211055276381915,8.171787216036806e-05,0.01889447236704722
N I (NIST),atomic,4.2462311557788945,8.371628185099569e-05,0.00623115577365585
N I (NIST),atomic,4.2713567839195985,8.562813615120531e-05,0.03135678391435981
N I (NIST),atomic,4.296482412060302,8.730124872047638e-05,0.043517587950757886
N I (NIST),atomic,4.3216080402010055,8.843180715356616e-05,0.018391959810053926
N I (NIST),atomic,4.346733668341709,8.859846505684891e-05,0.006733668330649145
N I (NIST),atomic,4.371859296482413,8.740090773432237e-05,0.028140703511766674
N I (NIST),atomic,4.396984924623116,8.465427512056794e-05,0.0030150753710636025
N I (NIST),atomic,4.42211055276382,8.054974310628583e-05,0.00911055276335393
N I (NIST),atomic,4.447236180904523,7.56954141163667e-05,0.034236180904057
N I (NIST),atomic,4.472361809045227,7.100158317057858e-05,0.05936180904476096
N I (NIST),atomic,4.49748743718593,6.744385647798094e-05,0.07851256281500163
N I (NIST),atomic,4.522613065326634,6.578895414241071e-05,0.05338693467429767
N I (NIST),atomic,4.547738693467337,6.637684713634927e-05,0.0282613065335946
N I (NIST),atomic,4.572864321608041,6.90217488855867e-05,0.0031356783928906395
N I (NIST),atomic,4.597989949748744,7.304740859320691e-05,0.02198994974781243
N I (NIST),atomic,4.623115577889448,7.743503035215565e-05,0.046884422108806056
N I (NIST),atomic,4.648241206030151,8.104543253195643e-05,0.021758793968102985
N I (NIST),atomic,4.673366834170855,8.287357002324921e-05,0.0033668341726009743
N I (NIST),atomic,4.698492462311558,8.229060154567638e-05,0.0015075376855318012
N I (NIST),atomic,4.723618090452262,7.92223308565603e-05,0.023618090455172158
N I (NIST),atomic,4.748743718592965,7.421153411471753e-05,0.0012562814070351536
N I (NIST),atomic,4.773869346733669,6.832766197025265e-05,0.023869346733668806
N I (NIST),atomic,4.798994974874372,6.292463524867438e-05,0.04899497487437188
N I (NIST),atomic,4.824120603015076,5.92963419022046e-05,0.07412060301507584
N I (NIST),atomic,4.849246231155779,5.832139350516727e-05,0.09924623115577891
N I (NIST),atomic,4.874371859296483,6.020547200467637e-05,0.07662814070444846
N I (NIST),atomic,4.899497487437186,6.441090002899296e-05,0.051502512563745384
N I (NIST),atomic,4.92462311557789,6.981004078534371e-05,0.026376884423041425
N I (NIST),atomic,4.949748743718593,7.502517222824793e-05,0.0012512562823383533
N I (NIST),atomic,4.974874371859297,7.884701445066018e-05,0.023874371858365606
N I (NIST),atomic,5.0,8.058683714412781e-05,0.0
NV (Doherty+),defect,0.0,0.0,16.131099999998696
NV (Doherty+),defect,0.02512562814070352,0.0,16.105974371857993
NV (Doherty+),defect,0.05025125628140704,0.0,16.08084874371729
NV (Doherty+),defect,0.07537688442211056,0.0,16.055723115576587
NV (Doherty+),defect,0.10050251256281408,0.0,16.03059748743588
NV (Doherty+),defect,0.1256281407035176,0.0,16.005471859295177
NV (Doherty+),defect,0.15075376884422112,0.0,15.980346231154474
NV (Doherty+),defect,0.17587939698492464,0.0,15.955220603013771
NV (Doherty+),defect,0.20100502512562815,0.0,15.930094974873068
NV (Doherty+),defect,0.22613065326633167,0.0,15.904969346732365
NV (Doherty+),defect,0.2512562814070352,0.0,15.87984371859166
NV (Doherty+),defect,0.2763819095477387,0.0,15.854718090450957
NV (Doherty+),defect,0.30150753768844224,0.0,15.829592462310254
NV (Doherty+),defect,0.32663316582914576,0.0,15.804466834169551
NV (Doherty+),defect,0.35175879396984927,0.0,15.779341206028846
NV (Doherty+),defect,0.3768844221105528,0.0,15.754215577888143
NV (Doherty+),defect,0.4020100502512563,0.0,15.72908994974744
NV (Doherty+),defect,0.4271356783919598,0.0,15.703964321606737
NV (Doherty+),defect,0.45226130653266333,0.0,15.678838693466032
NV (Doherty+),defect,0.47738693467336685,0.0,15.653713065325329
NV (Doherty+),defect,0.5025125628140704,0.0,15.628587437184626
NV (Doherty+),defect,0.5276381909547739,0.0,15.603461809043923
NV (Doherty+),defect,0.5527638190954774,0.0,15.578336180903218
NV (Doherty+),defect,0.577889447236181,0.0,15.553210552762515
NV (Doherty+),defect,0.6030150753768845,0.0,15.528084924621812
NV (Doherty+),defect,0.628140703517588,0.0,15.502959296481109
NV (Doherty+),defect,0.6532663316582915,0.0,15.477833668340404
NV (Doherty+),defect,0.678391959798995,0.0,15.4527080401997
NV (Doherty+),defect,0.7035175879396985,0.0,15.427582412058998
NV (Doherty+),defect,0.7286432160804021,0.0,15.402456783918295
NV (Doherty+),defect,0.7537688442211056,0.0,15.37733115577759
NV (Doherty+),defect,0.7788944723618091,0.0,15.352205527636887
NV (Doherty+),defect,0.8040201005025126,0.0,15.327079899496184
NV (Doherty+),defect,0.8291457286432161,0.0,15.30195427135548
NV (Doherty+),defect,0.8542713567839196,0.0,15.276828643214776
NV (Doherty+),defect,0.8793969849246231,0.0,15.251703015074073
NV (Doherty+),defect,0.9045226130653267,0.0,15.22657738693337
NV (Doherty+),defect,0.9296482412060302,0.0,15.201451758792667
NV (Doherty+),defect,0.9547738693467337,0.0,15.176326130651962
NV (Doherty+),defect,0.9798994974874372,0.0,15.151200502511259
NV (Doherty+),defect,1.0050251256281408,0.0,15.126074874370556
NV (Doherty+),defect,1.0301507537688444,0.0,15.100949246229852
NV (Doherty+),defect,1.0552763819095479,0.0,15.075823618089148
NV (Doherty+),defect,1.0804020100502514,0.0,15.050697989948445
NV (Doherty+),defect,1.105527638190955,0.0,15.025572361807741
NV (Doherty+),defect,1.1306532663316584,0.0,15.000446733667038
NV (Doherty+),defect,1.155778894472362,0.0,14.975321105526334
NV (Doherty+),defect,1.1809045226130654,0.0,14.95019547738563
NV (Doherty+),defect,1.206030150753769,0.0,14.925069849244927
NV (Doherty+),defect,1.2311557788944725,0.0,14.899944221104224
NV (Doherty+),defect,1.256281407035176,0.0,14.87481859296352
NV (Doherty+),defect,1.2814070351758795,0.0,14.849692964822816
NV (Doherty+),defect,1.306532663316583,0.0,14.824567336682113
NV (Doherty+),defect,1.3316582914572865,0.0,14.79944170854141
NV (Doherty+),defect,1.35678391959799,0.0,14.774316080400705
NV (Doherty+),defect,1.3819095477386936,0.0,14.749190452260002
NV (Doherty+),defect,1.407035175879397,0.0,14.7240648241193
NV (Doherty+),defect,1.4321608040201006,0.0,14.698939195978596
NV (Doherty+),defect,1.4572864321608041,0.0,14.673813567837891
NV (Doherty+),defect,1.4824120603015076,0.0,14.648687939697188
NV (Doherty+),defect,1.5075376884422111,0.0,14.623562311556485
NV (Doherty+),defect,1.5326633165829147,0.0,14.598436683415782
NV (Doherty+),defect,1.5577889447236182,0.0,14.573311055275077
NV (Doherty+),defect,1.5829145728643217,0.0,14.548185427134374
NV (Doherty+),defect,1.6080402010050252,0.0,14.523059798993671
NV (Doherty+),defect,1.6331658291457287,0.0,14.497934170852968
NV (Doherty+),defect,1.6582914572864322,0.0,14.472808542712263
NV (Doherty+),defect,1.6834170854271358,0.0,14.44768291457156
NV (Doherty+),defect,1.7085427135678393,0.0,14.422557286430857
NV (Doherty+),defect,1.7336683417085428,0.0,14.397431658290154
NV (Doherty+),defect,1.7587939698492463,0.0,14.37230603014945
NV (Doherty+),defect,1.7839195979899498,0.0,14.347180402008746
NV (Doherty+),defect,1.8090452261306533,0.0,14.322054773868043
NV (Doherty+),defect,1.8341708542713568,0.0,14.29692914572734
NV (Doherty+),defect,1.8592964824120604,0.0,14.271803517586635
NV (Doherty+),defect,1.8844221105527639,0.0,14.246677889445932
NV (Doherty+),defect,1.9095477386934674,0.0,14.221552261305229
NV (Doherty+),defect,1.934673366834171,0.0,14.196426633164526
NV (Doherty+),defect,1.9597989949748744,0.0,14.171301005023821
NV (Doherty+),defect,1.984924623115578,0.0,14.146175376883118
NV (Doherty+),defect,2.0100502512562817,0.0,14.121049748742415
NV (Doherty+),defect,2.035175879396985,0.0,14.095924120601712
NV (Doherty+),defect,2.0603015075376887,0.0,14.070798492461007
NV (Doherty+),defect,2.085427135678392,0.0,14.045672864320304
NV (Doherty+),defect,2.1105527638190957,0.0,14.0205472361796
NV (Doherty+),defect,2.1356783919597992,0.0,13.995421608038896
NV (Doherty+),defect,2.1608040201005028,0.0,13.970295979898193
NV (Doherty+),defect,2.1859296482412063,0.0,13.94517035175749
NV (Doherty+),defect,2.21105527638191,0.0,13.920044723616787
NV (Doherty+),defect,2.2361809045226133,0.0,13.894919095476084
NV (Doherty+),defect,2.261306532663317,0.0,13.869793467335379
NV (Doherty+),defect,2.2864321608040203,0.0,13.844667839194676
NV (Doherty+),defect,2.311557788944724,0.0,13.819542211053973
NV (Doherty+),defect,2.3366834170854274,0.0,13.794416582913268
NV (Doherty+),defect,2.361809045226131,0.0,13.769290954772565
NV (Doherty+),defect,2.3869346733668344,0.0,13.744165326631862
NV (Doherty+),defect,2.412060301507538,0.0,13.719039698491159
NV (Doherty+),defect,2.4371859296482414,0.0,13.693914070350456
NV (Doherty+),defect,2.462311557788945,0.0,13.66878844220975
NV (Doherty+),defect,2.4874371859296485,0.0,13.643662814069048
NV (Doherty+),defect,2.512562814070352,0.0,13.618537185928345
NV (Doherty+),defect,2.5376884422110555,0.0,13.59341155778764
NV (Doherty+),defect,2.562814070351759,0.0,13.568285929646937
NV (Doherty+),defect,2.5879396984924625,0.0,13.543160301506234
NV (Doherty+),defect,2.613065326633166,0.0,13.51803467336553
NV (Doherty+),defect,2.6381909547738696,0.0,13.492909045224827
NV (Doherty+),defect,2.663316582914573,0.0,13.467783417084123
NV (Doherty+),defect,2.6884422110552766,0.0,13.44265778894342
NV (Doherty+),defect,2.71356783919598,0.0,13.417532160802716
NV (Doherty+),defect,2.7386934673366836,0.0,13.392406532662012
NV (Doherty+),defect,2.763819095477387,0.0,13.367280904521309
NV (Doherty+),defect,2.7889447236180906,0.0,13.342155276380605
NV (Doherty+),defect,2.814070351758794,0.0,13.317029648239902
NV (Doherty+),defect,2.8391959798994977,0.0,13.2919040200992
NV (Doherty+),defect,2.864321608040201,0.0,13.266778391958495
NV (Doherty+),defect,2.8894472361809047,0.0,13.241652763817791
NV (Doherty+),defect,2.9145728643216082,0.0,13.216527135677088
NV (Doherty+),defect,2.9396984924623117,0.0,13.191401507536384
NV (Doherty+),defect,2.9648241206030153,0.0,13.16627587939568
NV (Doherty+),defect,2.9899497487437188,0.0,13.141150251254977
NV (Doherty+),defect,3.0150753768844223,0.0,13.116024623114274
NV (Doherty+),defect,3.040201005025126,0.0,13.090898994973571
NV (Doherty+),defect,3.0653266331658293,0.0,13.065773366832866
NV (Doherty+),defect,3.090452261306533,0.0,13.040647738692163
NV (Doherty+),defect,3.1155778894472363,0.0,13.01552211055146
NV (Doherty+),defect,3.14070351758794,0.0,12.990396482410755
NV (Doherty+),defect,3.1658291457286434,0.0,12.965270854270052
NV (Doherty+),defect,3.190954773869347,0.0,12.94014522612935
NV (Doherty+),defect,3.2160804020100504,0.0,12.915019597988646
NV (Doherty+),defect,3.241206030150754,0.0,12.889893969847943
NV (Doherty+),defect,3.2663316582914574,0.0,12.864768341707238
NV (Doherty+),defect,3.291457286432161,0.0,12.839642713566535
NV (Doherty+),defect,3.3165829145728645,0.0,12.814517085425832
NV (Doherty+),defect,3.341708542713568,0.0,12.789391457285127
NV (Doherty+),defect,3.3668341708542715,0.0,12.764265829144424
NV (Doherty+),defect,3.391959798994975,0.0,12.739140201003721
NV (Doherty+),defect,3.4170854271356785,0.0,12.714014572863018
NV (Doherty+),defect,3.442211055276382,0.0,12.688888944722315
NV (Doherty+),defect,3.4673366834170856,0.0,12.66376331658161
NV (Doherty+),defect,3.492462311557789,0.0,12.638637688440907
NV (Doherty+),defect,3.5175879396984926,0.0,12.613512060300204
NV (Doherty+),defect,3.542713567839196,0.0,12.5883864321595
NV (Doherty+),defect,3.5678391959798996,0.0,12.563260804018796
NV (Doherty+),defect,3.592964824120603,0.0,12.538135175878093
NV (Doherty+),defect,3.6180904522613067,0.0,12.51300954773739
NV (Doherty+),defect,3.64321608040201,0.0,12.487883919596687
NV (Doherty+),defect,3.6683417085427137,0.0,12.462758291455982
NV (Doherty+),defect,3.693467336683417,0.0,12.437632663315279
NV (Doherty+),defect,3.7185929648241207,0.0,12.412507035174576
NV (Doherty+),defect,3.7437185929648242,0.0,12.387381407033871
NV (Doherty+),defect,3.7688442211055277,0.0,12.362255778893168
NV (Doherty+),defect,3.7939698492462313,0.0,12.337130150752465
NV (Doherty+),defect,3.819095477386935,0.0,12.312004522611762
NV (Doherty+),defect,3.8442211055276383,0.0,12.286878894471059
NV (Doherty+),defect,3.869346733668342,0.0,12.261753266330354
NV (Doherty+),defect,3.8944723618090453,0.0,12.23662763818965
NV (Doherty+),defect,3.919597989949749,0.0,12.211502010048948
NV (Doherty+),defect,3.9447236180904524,0.0,12.186376381908243
NV (Doherty+),defect,3.969849246231156,0.0,12.16125075376754
NV (Doherty+),defect,3.9949748743718594,0.0,12.136125125626837
NV (Doherty+),defect,4.020100502512563,0.0,12.110999497486134
NV (Doherty+),defect,4.045226130653266,0.0,12.08587386934543
NV (Doherty+),defect,4.07035175879397,0.0,12.060748241204726
NV (Doherty+),defect,4.0954773869346734,0.0,12.035622613064023
NV (Doherty+),defect,4.120603015075377,0.0,12.010496984923318
NV (Doherty+),defect,4.1457286432160805,0.0,11.985371356782615
NV (Doherty+),defect,4.170854271356784,0.0,11.960245728641912
NV (Doherty+),defect,4.1959798994974875,0.0,11.935120100501209
NV (Doherty+),defect,4.2211055276381915,0.0,11.909994472360506
NV (Doherty+),defect,4.2462311557788945,0.0,11.884868844219802
NV (Doherty+),defect,4.2713567839195985,0.0,11.859743216079098
NV (Doherty+),defect,4.296482412060302,0.0,11.834617587938395
NV (Doherty+),defect,4.3216080402010055,0.0,11.80949195979769
NV (Doherty+),defect,4.346733668341709,0.0,11.784366331656987
NV (Doherty+),defect,4.371859296482413,0.0,11.759240703516284
NV (Doherty+),defect,4.396984924623116,0.0,11.73411507537558
NV (Doherty+),defect,4.42211055276382,0.0,11.708989447234877
NV (Doherty+),defect,4.447236180904523,0.0,11.683863819094174
NV (Doherty+),defect,4.472361809045227,0.0,11.65873819095347
NV (Doherty+),defect,4.49748743718593,0.0,11.633612562812766
NV (Doherty+),defect,4.522613065326634,0.0,11.608486934672062
NV (Doherty+),defect,4.547738693467337,0.0,11.583361306531359
NV (Doherty+),defect,4.572864321608041,0.0,11.558235678390655
NV (Doherty+),defect,4.597989949748744,0.0,11.533110050249952
NV (Doherty+),defect,4.623115577889448,0.0,11.50798442210925
NV (Doherty+),defect,4.648241206030151,0.0,11.482858793968546
NV (Doherty+),defect,4.673366834170855,0.0,11.457733165827841
NV (Doherty+),defect,4.698492462311558,0.0,11.432607537687138
NV (Doherty+),defect,4.723618090452262,0.0,11.407481909546433
NV (Doherty+),defect,4.748743718592965,0.0,11.38235628140573
NV (Doherty+),defect,4.773869346733669,0.0,11.357230653265027
NV (Doherty+),defect,4.798994974874372,0.0,11.332105025124324
NV (Doherty+),defect,4.824120603015076,0.0,11.306979396983621
NV (Doherty+),defect,4.849246231155779,0.0,11.281853768842918
NV (Doherty+),defect,4.874371859296483,0.0,11.256728140702213
NV (Doherty+),defect,4.899497487437186,0.0,11.23160251256151
NV (Doherty+),defect,4.92462311557789,0.0,11.206476884420805
NV (Doherty+),defect,4.949748743718593,0.0,11.181351256280102
NV (Doherty+),defect,4.974874371859297,0.0,11.1562256281394
NV (Doherty+),defect,5.0,0.0,11.131099999998696
SiV (Doherty+),defect,0.0,0.0,8.0655
SiV (Doherty+),defect,0.02512562814070352,0.0,8.040374371859297
SiV (Doherty+),defect,0.05025125628140704,0.0,8.015248743718592
SiV (Doherty+),defect,0.07537688442211056,0.0,7.990123115577889
SiV (Doherty+),defect,0.10050251256281408,0.0,7.964997487437186
SiV (Doherty+),defect,0.1256281407035176,0.0,7.939871859296482
SiV (Doherty+),defect,0.15075376884422112,0.0,7.914746231155779
SiV (Doherty+),defect,0.17587939698492464,0.0,7.889620603015075
SiV (Doherty+),defect,0.20100502512562815,0.0,7.864494974874372
SiV (Doherty+),defect,0.22613065326633167,0.0,7.839369346733668
SiV (Doherty+),defect,0.2512562814070352,0.0,7.814243718592965
SiV (Doherty+),defect,0.2763819095477387,0.0,7.789118090452261
SiV (Doherty+),defect,0.30150753768844224,0.0,7.763992462311558
SiV (Doherty+),defect,0.32663316582914576,0.0,7.738866834170854
SiV (Doherty+),defect,0.35175879396984927,0.0,7.713741206030151
SiV (Doherty+),defect,0.3768844221105528,0.0,7.688615577889447
SiV (Doherty+),defect,0.4020100502512563,0.0,7.663489949748744
SiV (Doherty+),defect,0.4271356783919598,0.0,7.63836432160804
SiV (Doherty+),defect,0.45226130653266333,0.0,7.613238693467337
SiV (Doherty+),defect,0.47738693467336685,0.0,7.588113065326633
SiV (Doherty+),defect,0.5025125628140704,0.0,7.56298743718593
SiV (Doherty+),defect,0.5276381909547739,0.0,7.537861809045226
SiV (Doherty+),defect,0.5527638190954774,0.0,7.512736180904523
SiV (Doherty+),defect,0.577889447236181,0.0,7.487610552763819
SiV (Doherty+),defect,0.6030150753768845,0.0,7.462484924623116
SiV (Doherty+),defect,0.628140703517588,0.0,7.437359296482412
SiV (Doherty+),defect,0.6532663316582915,0.0,7.412233668341709
SiV (Doherty+),defect,0.678391959798995,0.0,7.387108040201005
SiV (Doherty+),defect,0.7035175879396985,0.0,7.361982412060302
SiV (Doherty+),defect,0.7286432160804021,0.0,7.336856783919598
SiV (Doherty+),defect,0.7537688442211056,0.0,7.311731155778895
SiV (Doherty+),defect,0.7788944723618091,0.0,7.286605527638191
SiV (Doherty+),defect,0.8040201005025126,0.0,7.261479899497488
SiV (Doherty+),defect,0.8291457286432161,0.0,7.236354271356784
SiV (Doherty+),defect,0.8542713567839196,0.0,7.211228643216081
SiV (Doherty+),defect,0.8793969849246231,0.0,7.186103015075377
SiV (Doherty+),defect,0.9045226130653267,0.0,7.160977386934674
SiV (Doherty+),defect,0.9296482412060302,0.0,7.13585175879397
SiV (Doherty+),defect,0.9547738693467337,0.0,7.1107261306532665
SiV (Doherty+),defect,0.9798994974874372,0.0,7.085600502512563
SiV (Doherty+),defect,1.0050251256281408,0.0,7.0604748743718595
SiV (Doherty+),defect,1.0301507537688444,0.0,7.0353492462311555
SiV (Doherty+),defect,1.0552763819095479,0.0,7.0102236180904525
SiV (Doherty+),defect,1.0804020100502514,0.0,6.9850979899497485
SiV (Doherty+),defect,1.105527638190955,0.0,6.959972361809045
SiV (Doherty+),defect,1.1306532663316584,0.0,6.9348467336683415
SiV (Doherty+),defect,1.155778894472362,0.0,6.909721105527638
SiV (Doherty+),defect,1.1809045226130654,0.0,6.8845954773869344
SiV (Doherty+),defect,1.206030150753769,0.0,6.859469849246231
SiV (Doherty+),defect,1.2311557788944725,0.0,6.834344221105527
SiV (Doherty+),defect,1.256281407035176,0.0,6.809218592964824
SiV (Doherty+),defect,1.2814070351758795,0.0,6.78409296482412
SiV (Doherty+),defect,1.306532663316583,0.0,6.758967336683417
SiV (Doherty+),defect,1.3316582914572865,0.0,6.733841708542713
SiV (Doherty+),defect,1.35678391959799,0.0,6.70871608040201
SiV (Doherty+),defect,1.3819095477386936,0.0,6.683590452261306
SiV (Doherty+),defect,1.407035175879397,0.0,6.658464824120603
SiV (Doherty+),defect,1.4321608040201006,0.0,6.633339195979899
SiV (Doherty+),defect,1.4572864321608041,0.0,6.608213567839196
SiV (Doherty+),defect,1.4824120603015076,0.0,6.583087939698492
SiV (Doherty+),defect,1.5075376884422111,0.0,6.557962311557789
SiV (Doherty+),defect,1.5326633165829147,0.0,6.532836683417085
SiV (Doherty+),defect,1.5577889447236182,0.0,6.507711055276382
SiV (Doherty+),defect,1.5829145728643217,0.0,6.482585427135678
SiV (Doherty+),defect,1.6080402010050252,0.0,6.457459798994975
SiV (Doherty+),defect,1.6331658291457287,0.0,6.432334170854271
SiV (Doherty+),defect,1.6582914572864322,0.0,6.407208542713568
SiV (Doherty+),defect,1.6834170854271358,0.0,6.382082914572864
SiV (Doherty+),defect,1.7085427135678393,0.0,6.356957286432161
SiV (Doherty+),defect,1.7336683417085428,0.0,6.331831658291457
SiV (Doherty+),defect,1.7587939698492463,0.0,6.306706030150754
SiV (Doherty+),defect,1.7839195979899498,0.0,6.28158040201005
SiV (Doherty+),defect,1.8090452261306533,0.0,6.256454773869347
SiV (Doherty+),defect,1.8341708542713568,0.0,6.231329145728643
SiV (Doherty+),defect,1.8592964824120604,0.0,6.20620351758794
SiV (Doherty+),defect,1.8844221105527639,0.0,6.181077889447236
SiV (Doherty+),defect,1.9095477386934674,0.0,6.155952261306533
SiV (Doherty+),defect,1.934673366834171,0.0,6.130826633165829
SiV (Doherty+),defect,1.9597989949748744,0.0,6.105701005025126
SiV (Doherty+),defect,1.984924623115578,0.0,6.080575376884422
SiV (Doherty+),defect,2.0100502512562817,0.0,6.055449748743719
SiV (Doherty+),defect,2.035175879396985,0.0,6.030324120603015
SiV (Doherty+),defect,2.0603015075376887,0.0,6.005198492462311
SiV (Doherty+),defect,2.085427135678392,0.0,5.980072864321608
SiV (Doherty+),defect,2.1105527638190957,0.0,5.954947236180905
SiV (Doherty+),defect,2.1356783919597992,0.0,5.929821608040201
SiV (Doherty+),defect,2.1608040201005028,0.0,5.904695979899497
SiV (Doherty+),defect,2.1859296482412063,0.0,5.879570351758794
SiV (Doherty+),defect,2.21105527638191,0.0,5.854444723618091
SiV (Doherty+),defect,2.2361809045226133,0.0,5.829319095477387
SiV (Doherty+),defect,2.261306532663317,0.0,5.804193467336683
SiV (Doherty+),defect,2.2864321608040203,0.0,5.77906783919598
SiV (Doherty+),defect,2.311557788944724,0.0,5.753942211055277
SiV (Doherty+),defect,2.3366834170854274,0.0,5.728816582914573
SiV (Doherty+),defect,2.361809045226131,0.0,5.703690954773869
SiV (Doherty+),defect,2.3869346733668344,0.0,5.678565326633166
SiV (Doherty+),defect,2.412060301507538,0.0,5.653439698492463
SiV (Doherty+),defect,2.4371859296482414,0.0,5.628314070351759
SiV (Doherty+),defect,2.462311557788945,0.0,5.603188442211055
SiV (Doherty+),defect,2.4874371859296485,0.0,5.578062814070352
SiV (Doherty+),defect,2.512562814070352,0.0,5.552937185929649
SiV (Doherty+),defect,2.5376884422110555,0.0,5.527811557788945
SiV (Doherty+),defect,2.562814070351759,0.0,5.502685929648241
SiV (Doherty+),defect,2.5879396984924625,0.0,5.477560301507538
SiV (Doherty+),defect,2.613065326633166,0.0,5.4524346733668345
SiV (Doherty+),defect,2.6381909547738696,0.0,5.427309045226131
SiV (Doherty+),defect,2.663316582914573,0.0,5.402183417085427
SiV (Doherty+),defect,2.6884422110552766,0.0,5.3770577889447235
SiV (Doherty+),defect,2.71356783919598,0.0,5.3519321608040205
SiV (Doherty+),defect,2.7386934673366836,0.0,5.3268065326633165
SiV (Doherty+),defect,2.763819095477387,0.0,5.3016809045226125
SiV (Doherty+),defect,2.7889447236180906,0.0,5.2765552763819095
SiV (Doherty+),defect,2.814070351758794,0.0,5.251429648241206
SiV (Doherty+),defect,2.8391959798994977,0.0,5.226304020100502
SiV (Doherty+),defect,2.864321608040201,0.0,5.2011783919597985
SiV (Doherty+),defect,2.8894472361809047,0.0,5.176052763819095
SiV (Doherty+),defect,2.9145728643216082,0.0,5.150927135678392
SiV (Doherty+),defect,2.9396984924623117,0.0,5.125801507537688
SiV (Doherty+),defect,2.9648241206030153,0.0,5.100675879396984
SiV (Doherty+),defect,2.9899497487437188,0.0,5.075550251256281
SiV (Doherty+),defect,3.0150753768844223,0.0,5.050424623115578
SiV (Doherty+),defect,3.040201005025126,0.0,5.025298994974874
SiV (Doherty+),defect,3.0653266331658293,0.0,5.00017336683417
SiV (Doherty+),defect,3.090452261306533,0.0,4.975047738693467
SiV (Doherty+),defect,3.1155778894472363,0.0,4.949922110552764
SiV (Doherty+),defect,3.14070351758794,0.0,4.92479648241206
SiV (Doherty+),defect,3.1658291457286434,0.0,4.899670854271356
SiV (Doherty+),defect,3.190954773869347,0.0,4.874545226130653
SiV (Doherty+),defect,3.2160804020100504,0.0,4.84941959798995
SiV (Doherty+),defect,3.241206030150754,0.0,4.824293969849246
SiV (Doherty+),defect,3.2663316582914574,0.0,4.799168341708542
SiV (Doherty+),defect,3.291457286432161,0.0,4.774042713567839
SiV (Doherty+),defect,3.3165829145728645,0.0,4.748917085427136
SiV (Doherty+),defect,3.341708542713568,0.0,4.723791457286432
SiV (Doherty+),defect,3.3668341708542715,0.0,4.698665829145728
SiV (Doherty+),defect,3.391959798994975,0.0,4.673540201005025
SiV (Doherty+),defect,3.4170854271356785,0.0,4.648414572864322
SiV (Doherty+),defect,3.442211055276382,0.0,4.623288944723618
SiV (Doherty+),defect,3.4673366834170856,0.0,4.598163316582914
SiV (Doherty+),defect,3.492462311557789,0.0,4.573037688442211
SiV (Doherty+),defect,3.5175879396984926,0.0,4.547912060301508
SiV (Doherty+),defect,3.542713567839196,0.0,4.522786432160804
SiV (Doherty+),defect,3.5678391959798996,0.0,4.4976608040201
SiV (Doherty+),defect,3.592964824120603,0.0,4.472535175879397
SiV (Doherty+),defect,3.6180904522613067,0.0,4.447409547738694
SiV (Doherty+),defect,3.64321608040201,0.0,4.42228391959799
SiV (Doherty+),defect,3.6683417085427137,0.0,4.397158291457286
SiV (Doherty+),defect,3.693467336683417,0.0,4.372032663316583
SiV (Doherty+),defect,3.7185929648241207,0.0,4.34690703517588
SiV (Doherty+),defect,3.7437185929648242,0.0,4.321781407035176
SiV (Doherty+),defect,3.7688442211055277,0.0,4.296655778894472
SiV (Doherty+),defect,3.7939698492462313,0.0,4.271530150753769
SiV (Doherty+),defect,3.819095477386935,0.0,4.246404522613066
SiV (Doherty+),defect,3.8442211055276383,0.0,4.221278894472362
SiV (Doherty+),defect,3.869346733668342,0.0,4.196153266331658
SiV (Doherty+),defect,3.8944723618090453,0.0,4.171027638190955
SiV (Doherty+),defect,3.919597989949749,0.0,4.145902010050252
SiV (Doherty+),defect,3.9447236180904524,0.0,4.120776381909548
SiV (Doherty+),defect,3.969849246231156,0.0,4.095650753768844
SiV (Doherty+),defect,3.9949748743718594,0.0,4.070525125628141
SiV (Doherty+),defect,4.020100502512563,0.0,4.045399497487437
SiV (Doherty+),defect,4.045226130653266,0.0,4.020273869346734
SiV (Doherty+),defect,4.07035175879397,0.0,3.9951482412060297
SiV (Doherty+),defect,4.0954773869346734,0.0,3.9700226130653267
SiV (Doherty+),defect,4.120603015075377,0.0,3.9448969849246227
SiV (Doherty+),defect,4.1457286432160805,0.0,3.9197713567839196
SiV (Doherty+),defect,4.170854271356784,0.0,3.8946457286432157
SiV (Doherty+),defect,4.1959798994974875,0.0,3.8695201005025126
SiV (Doherty+),defect,4.2211055276381915,0.0,3.8443944723618086
SiV (Doherty+),defect,4.2462311557788945,3.7025e-320,3.8192688442211056
SiV (Doherty+),defect,4.2713567839195985,5.2771936e-316,3.7941432160804016
SiV (Doherty+),defect,4.296482412060302,7.06134555305e-312,3.7690175879396985
SiV (Doherty+),defect,4.3216080402010055,8.87064132120723e-308,3.7438919597989946
SiV (Doherty+),defect,4.346733668341709,1.046178262551439e-303,3.7187663316582915
SiV (Doherty+),defect,4.371859296482413,1.158349146907953e-299,3.6936407035175876
SiV (Doherty+),defect,4.396984924623116,1.2040829106034199e-295,3.6685150753768845
SiV (Doherty+),defect,4.42211055276382,1.1750501985516998e-291,3.6433894472361805
SiV (Doherty+),defect,4.447236180904523,1.0765632888378946e-287,3.6182638190954775
SiV (Doherty+),defect,4.472361809045227,9.259890057659386e-284,3.5931381909547735
SiV (Doherty+),defect,4.49748743718593,7.477479186007835e-280,3.5680125628140704
SiV (Doherty+),defect,4.522613065326634,5.668755340657327e-276,3.5428869346733665
SiV (Doherty+),defect,4.547738693467337,4.034626461620552e-272,3.5177613065326634
SiV (Doherty+),defect,4.572864321608041,2.69588939217267e-268,3.4926356783919594
SiV (Doherty+),defect,4.597989949748744,1.6911569915725749e-264,3.4675100502512564
SiV (Doherty+),defect,4.623115577889448,9.959760592875946e-261,3.4423844221105524
SiV (Doherty+),defect,4.648241206030151,5.50677067874436e-257,3.4172587939698493
SiV (Doherty+),defect,4.673366834170855,2.85843421506135e-253,3.3921331658291454
SiV (Doherty+),defect,4.698492462311558,1.392972460265981e-249,3.3670075376884423
SiV (Doherty+),defect,4.723618090452262,6.372942164394381e-246,3.3418819095477383
SiV (Doherty+),defect,4.748743718592965,2.7372883079087702e-242,3.3167562814070353
SiV (Doherty+),defect,4.773869346733669,1.103784333914049e-238,3.2916306532663313
SiV (Doherty+),defect,4.798994974874372,4.178602189685192e-235,3.2665050251256282
SiV (Doherty+),defect,4.824120603015076,1.4851179507888707e-231,3.2413793969849243
SiV (Doherty+),defect,4.849246231155779,4.9553460211985716e-228,3.216253768844221
SiV (Doherty+),defect,4.874371859296483,1.5522802870059216e-224,3.1911281407035172
SiV (Doherty+),defect,4.899497487437186,4.565090767741031e-221,3.166002512562814
SiV (Doherty+),defect,4.92462311557789,1.2604099126963443e-217,3.14087688442211
SiV (Doherty+),defect,4.949748743718593,3.2670615872498752e-214,3.115751256281407
SiV (Doherty+),defect,4.974874371859297,7.950344561168226e-211,3.090625628140703
SiV (Doherty+),defect,5.0,1.8163423072348188e-207,3.0655
GeV (Doherty+),defect,0.0,0.0,8.0655
GeV (Doherty+),defect,0.02512562814070352,0.0,8.040374371859297
GeV (Doherty+),defect,0.05025125628140704,0.0,8.015248743718592
GeV (Doherty+),defect,0.07537688442211056,0.0,7.990123115577889
GeV (Doherty+),defect,0.10050251256281408,0.0,7.964997487437186
GeV (Doherty+),defect,0.1256281407035176,0.0,7.939871859296482
GeV (Doherty+),defect,0.15075376884422112,0.0,7.914746231155779
GeV (Doherty+),defect,0.17587939698492464,0.0,7.889620603015075
GeV (Doherty+),defect,0.20100502512562815,0.0,7.864494974874372
GeV (Doherty+),defect,0.22613065326633167,0.0,7.839369346733668
GeV (Doherty+),defect,0.2512562814070352,0.0,7.814243718592965
GeV (Doherty+),defect,0.2763819095477387,0.0,7.789118090452261
GeV (Doherty+),defect,0.30150753768844224,0.0,7.763992462311558
GeV (Doherty+),defect,0.32663316582914576,0.0,7.738866834170854
GeV (Doherty+),defect,0.35175879396984927,0.0,7.713741206030151
GeV (Doherty+),defect,0.3768844221105528,0.0,7.688615577889447
GeV (Doherty+),defect,0.4020100502512563,0.0,7.663489949748744
GeV (Doherty+),defect,0.4271356783919598,0.0,7.63836432160804
GeV (Doherty+),defect,0.45226130653266333,0.0,7.613238693467337
GeV (Doherty+),defect,0.47738693467336685,0.0,7.588113065326633
GeV (Doherty+),defect,0.5025125628140704,0.0,7.56298743718593
GeV (Doherty+),defect,0.5276381909547739,0.0,7.537861809045226
GeV (Doherty+),defect,0.5527638190954774,0.0,7.512736180904523
GeV (Doherty+),defect,0.577889447236181,0.0,7.487610552763819
GeV (Doherty+),defect,0.6030150753768845,0.0,7.462484924623116
GeV (Doherty+),defect,0.628140703517588,0.0,7.437359296482412
GeV (Doherty+),defect,0.6532663316582915,0.0,7.412233668341709
GeV (Doherty+),defect,0.678391959798995,0.0,7.387108040201005
GeV (Doherty+),defect,0.7035175879396985,0.0,7.361982412060302
GeV (Doherty+),defect,0.7286432160804021,0.0,7.336856783919598
GeV (Doherty+),defect,0.7537688442211056,0.0,7.311731155778895
GeV (Doherty+),defect,0.7788944723618091,0.0,7.286605527638191
GeV (Doherty+),defect,0.8040201005025126,0.0,7.261479899497488
GeV (Doherty+),defect,0.8291457286432161,0.0,7.236354271356784
GeV (Doherty+),defect,0.8542713567839196,0.0,7.211228643216081
GeV (Doherty+),defect,0.8793969849246231,0.0,7.186103015075377
GeV (Doherty+),defect,0.9045226130653267,0.0,7.160977386934674
GeV (Doherty+),defect,0.9296482412060302,0.0,7.13585175879397
GeV (Doherty+),defect,0.9547738693467337,0.0,7.1107261306532665
GeV (Doherty+),defect,0.9798994974874372,0.0,7.085600502512563
GeV (Doherty+),defect,1.0050251256281408,0.0,7.0604748743718595
GeV (Doherty+),defect,1.0301507537688444,0.0,7.0353492462311555
GeV (Doherty+),defect,1.0552763819095479,0.0,7.0102236180904525
GeV (Doherty+),defect,1.0804020100502514,0.0,6.9850979899497485
GeV (Doherty+),defect,1.105527638190955,0.0,6.959972361809045
GeV (Doherty+),defect,1.1306532663316584,0.0,6.9348467336683415
GeV (Doherty+),defect,1.155778894472362,0.0,6.909721105527638
GeV (Doherty+),defect,1.1809045226130654,0.0,6.8845954773869344
GeV (Doherty+),defect,1.206030150753769,0.0,6.859469849246231
GeV (Doherty+),defect,1.2311557788944725,0.0,6.834344221105527
GeV (Doherty+),defect,1.256281407035176,0.0,6.809218592964824
GeV (Doherty+),defect,1.2814070351758795,0.0,6.78409296482412
GeV (Doherty+),defect,1.306532663316583,0.0,6.758967336683417
GeV (Doherty+),defect,1.3316582914572865,0.0,6.733841708542713
GeV (Doherty+),defect,1.35678391959799,0.0,6.70871608040201
GeV (Doherty+),defect,1.3819095477386936,0.0,6.683590452261306
GeV (Doherty+),defect,1.407035175879397,0.0,6.658464824120603
GeV (Doherty+),defect,1.4321608040201006,0.0,6.633339195979899
GeV (Doherty+),defect,1.4572864321608041,0.0,6.608213567839196
GeV (Doherty+),defect,1.4824120603015076,0.0,6.583087939698492
GeV (Doherty+),defect,1.5075376884422111,0.0,6.557962311557789
GeV (Doherty+),defect,1.5326633165829147,0.0,6.532836683417085
GeV (Doherty+),defect,1.5577889447236182,0.0,6.507711055276382
GeV (Doherty+),defect,1.5829145728643217,0.0,6.482585427135678
GeV (Doherty+),defect,1.6080402010050252,0.0,6.457459798994975
GeV (Doherty+),defect,1.6331658291457287,0.0,6.432334170854271
GeV (Doherty+),defect,1.6582914572864322,0.0,6.407208542713568
GeV (Doherty+),defect,1.6834170854271358,0.0,6.382082914572864
GeV (Doherty+),defect,1.7085427135678393,0.0,6.356957286432161
GeV (Doherty+),defect,1.7336683417085428,0.0,6.331831658291457
GeV (Doherty+),defect,1.7587939698492463,0.0,6.306706030150754
GeV (Doherty+),defect,1.7839195979899498,0.0,6.28158040201005
GeV (Doherty+),defect,1.8090452261306533,0.0,6.256454773869347
GeV (Doherty+),defect,1.8341708542713568,0.0,6.231329145728643
GeV (Doherty+),defect,1.8592964824120604,0.0,6.20620351758794
GeV (Doherty+),defect,1.8844221105527639,0.0,6.181077889447236
GeV (Doherty+),defect,1.9095477386934674,0.0,6.155952261306533
GeV (Doherty+),defect,1.934673366834171,0.0,6.130826633165829
GeV (Doherty+),defect,1.9597989949748744,0.0,6.105701005025126
GeV (Doherty+),defect,1.984924623115578,0.0,6.080575376884422
GeV (Doherty+),defect,2.0100502512562817,0.0,6.055449748743719
GeV (Doherty+),defect,2.035175879396985,0.0,6.030324120603015
GeV (Doherty+),defect,2.0603015075376887,0.0,6.005198492462311
GeV (Doherty+),defect,2.085427135678392,0.0,5.980072864321608
GeV (Doherty+),defect,2.1105527638190957,0.0,5.954947236180905
GeV (Doherty+),defect,2.1356783919597992,0.0,5.929821608040201
GeV (Doherty+),defect,2.1608040201005028,0.0,5.904695979899497
GeV (Doherty+),defect,2.1859296482412063,0.0,5.879570351758794
GeV (Doherty+),defect,2.21105527638191,0.0,5.854444723618091
GeV (Doherty+),defect,2.2361809045226133,0.0,5.829319095477387
GeV (Doherty+),defect,2.261306532663317,0.0,5.804193467336683
GeV (Doherty+),defect,2.2864321608040203,0.0,5.77906783919598
GeV (Doherty+),defect,2.311557788944724,0.0,5.753942211055277
GeV (Doherty+),defect,2.3366834170854274,0.0,5.728816582914573
GeV (Doherty+),defect,2.361809045226131,0.0,5.703690954773869
GeV (Doherty+),defect,2.3869346733668344,0.0,5.678565326633166
GeV (Doherty+),defect,2.412060301507538,0.0,5.653439698492463
GeV (Doherty+),defect,2.4371859296482414,0.0,5.628314070351759
GeV (Doherty+),defect,2.462311557788945,0.0,5.603188442211055
GeV (Doherty+),defect,2.4874371859296485,0.0,5.578062814070352
GeV (Doherty+),defect,2.512562814070352,0.0,5.552937185929649
GeV (Doherty+),defect,2.5376884422110555,0.0,5.527811557788945
GeV (Doherty+),defect,2.562814070351759,0.0,5.502685929648241
GeV (Doherty+),defect,2.5879396984924625,0.0,5.477560301507538
GeV (Doherty+),defect,2.613065326633166,0.0,5.4524346733668345
GeV (Doherty+),defect,2.6381909547738696,0.0,5.427309045226131
GeV (Doherty+),defect,2.663316582914573,0.0,5.402183417085427
GeV (Doherty+),defect,2.6884422110552766,0.0,5.3770577889447235
GeV (Doherty+),defect,2.71356783919598,0.0,5.3519321608040205
GeV (Doherty+),defect,2.7386934673366836,0.0,5.3268065326633165
GeV (Doherty+),defect,2.763819095477387,0.0,5.3016809045226125
GeV (Doherty+),defect,2.7889447236180906,0.0,5.2765552763819095
GeV (Doherty+),defect,2.814070351758794,0.0,5.251429648241206
GeV (Doherty+),defect,2.8391959798994977,0.0,5.226304020100502
GeV (Doherty+),defect,2.864321608040201,0.0,5.2011783919597985
GeV (Doherty+),defect,2.8894472361809047,0.0,5.176052763819095
GeV (Doherty+),defect,2.9145728643216082,0.0,5.150927135678392
GeV (Doherty+),defect,2.9396984924623117,0.0,5.125801507537688
GeV (Doherty+),defect,2.9648241206030153,0.0,5.100675879396984
GeV (Doherty+),defect,2.9899497487437188,0.0,5.075550251256281
GeV (Doherty+),defect,3.0150753768844223,0.0,5.050424623115578
GeV (Doherty+),defect,3.040201005025126,0.0,5.025298994974874
GeV (Doherty+),defect,3.0653266331658293,0.0,5.00017336683417
GeV (Doherty+),defect,3.090452261306533,0.0,4.975047738693467
GeV (Doherty+),defect,3.1155778894472363,0.0,4.949922110552764
GeV (Doherty+),defect,3.14070351758794,0.0,4.92479648241206
GeV (Doherty+),defect,3.1658291457286434,0.0,4.899670854271356
GeV (Doherty+),defect,3.190954773869347,0.0,4.874545226130653
GeV (Doherty+),defect,3.2160804020100504,0.0,4.84941959798995
GeV (Doherty+),defect,3.241206030150754,0.0,4.824293969849246
GeV (Doherty+),defect,3.2663316582914574,0.0,4.799168341708542
GeV (Doherty+),defect,3.291457286432161,0.0,4.774042713567839
GeV (Doherty+),defect,3.3165829145728645,0.0,4.748917085427136
GeV (Doherty+),defect,3.341708542713568,0.0,4.723791457286432
GeV (Doherty+),defect,3.3668341708542715,0.0,4.698665829145728
GeV (Doherty+),defect,3.391959798994975,0.0,4.673540201005025
GeV (Doherty+),defect,3.4170854271356785,0.0,4.648414572864322
GeV (Doherty+),defect,3.442211055276382,0.0,4.623288944723618
GeV (Doherty+),defect,3.4673366834170856,0.0,4.598163316582914
GeV (Doherty+),defect,3.492462311557789,0.0,4.573037688442211
GeV (Doherty+),defect,3.5175879396984926,0.0,4.547912060301508
GeV (Doherty+),defect,3.542713567839196,0.0,4.522786432160804
GeV (Doherty+),defect,3.5678391959798996,0.0,4.4976608040201
GeV (Doherty+),defect,3.592964824120603,0.0,4.472535175879397
GeV (Doherty+),defect,3.6180904522613067,0.0,4.447409547738694
GeV (Doherty+),defect,3.64321608040201,0.0,4.42228391959799
GeV (Doherty+),defect,3.6683417085427137,0.0,4.397158291457286
GeV (Doherty+),defect,3.693467336683417,0.0,4.372032663316583
GeV (Doherty+),defect,3.7185929648241207,0.0,4.34690703517588
GeV (Doherty+),defect,3.7437185929648242,0.0,4.321781407035176
GeV (Doherty+),defect,3.7688442211055277,0.0,4.296655778894472
GeV (Doherty+),defect,3.7939698492462313,0.0,4.271530150753769
GeV (Doherty+),defect,3.819095477386935,0.0,4.246404522613066
GeV (Doherty+),defect,3.8442211055276383,0.0,4.221278894472362
GeV (Doherty+),defect,3.869346733668342,0.0,4.196153266331658
GeV (Doherty+),defect,3.8944723618090453,0.0,4.171027638190955
GeV (Doherty+),defect,3.919597989949749,0.0,4.145902010050252
GeV (Doherty+),defect,3.9447236180904524,0.0,4.120776381909548
GeV (Doherty+),defect,3.969849246231156,0.0,4.095650753768844
GeV (Doherty+),defect,3.9949748743718594,0.0,4.070525125628141
GeV (Doherty+),defect,4.020100502512563,0.0,4.045399497487437
GeV (Doherty+),defect,4.045226130653266,0.0,4.020273869346734
GeV (Doherty+),defect,4.07035175879397,0.0,3.9951482412060297
GeV (Doherty+),defect,4.0954773869346734,0.0,3.9700226130653267
GeV (Doherty+),defect,4.120603015075377,0.0,3.9448969849246227
GeV (Doherty+),defect,4.1457286432160805,0.0,3.9197713567839196
GeV (Doherty+),defect,4.170854271356784,0.0,3.8946457286432157
GeV (Doherty+),defect,4.1959798994974875,0.0,3.8695201005025126
GeV (Doherty+),defect,4.2211055276381915,5e-324,3.8443944723618086
GeV (Doherty+),defect,4.2462311557788945,7.072e-320,3.8192688442211056
GeV (Doherty+),defect,4.2713567839195985,1.007997286e-315,3.7941432160804016
GeV (Doherty+),defect,4.296482412060302,1.348788327355e-311,3.7690175879396985
GeV (Doherty+),defect,4.3216080402010055,1.6943820947881687e-307,3.7438919597989946
GeV (Doherty+),defect,4.346733668341709,1.9983061560452236e-303,3.7187663316582915
GeV (Doherty+),defect,4.371859296482413,2.2125638755585244e-299,3.6936407035175876
GeV (Doherty+),defect,4.396984924623116,2.299919983788956e-295,3.6685150753768845
GeV (Doherty+),defect,4.42211055276382,2.2444645711729943e-291,3.6433894472361805
GeV (Doherty+),defect,4.447236180904523,2.056344625446928e-287,3.6182638190954775
GeV (Doherty+),defect,4.472361809045227,1.7687325352559493e-283,3.5931381909547735
GeV (Doherty+),defect,4.49748743718593,1.4282740546202844e-279,3.5680125628140704
GeV (Doherty+),defect,4.522613065326634,1.0827895302205056e-275,3.5428869346733665
GeV (Doherty+),defect,4.547738693467337,7.70654407972168e-272,3.5177613065326634
GeV (Doherty+),defect,4.572864321608041,5.149421051109615e-268,3.4926356783919594
GeV (Doherty+),defect,4.597989949748744,3.230280677842161e-264,3.4675100502512564
GeV (Doherty+),defect,4.623115577889448,1.902414876881658e-260,3.4423844221105524
GeV (Doherty+),defect,4.648241206030151,1.0518488235864228e-256,3.4172587939698493
GeV (Doherty+),defect,4.673366834170855,5.459898081495973e-253,3.3921331658291454
GeV (Doherty+),defect,4.698492462311558,2.6607181033969397e-249,3.3670075376884423
GeV (Doherty+),defect,4.723618090452262,1.2172963265525025e-245,3.3418819095477383
GeV (Doherty+),defect,4.748743718592965,5.2284971618742266e-242,3.3167562814070353
GeV (Doherty+),defect,4.773869346733669,2.1083395711428955e-238,3.2916306532663313
GeV (Doherty+),defect,4.798994974874372,7.981552263327978e-235,3.2665050251256282
GeV (Doherty+),defect,4.824120603015076,2.836725297920964e-231,3.2413793969849243
GeV (Doherty+),defect,4.849246231155779,9.465211440491412e-228,3.216253768844221
GeV (Doherty+),defect,4.874371859296483,2.965012144169897e-224,3.1911281407035172
GeV (Doherty+),defect,4.899497487437186,8.719784486664938e-221,3.166002512562814
GeV (Doherty+),defect,4.92462311557789,2.4075102473826132e-217,3.14087688442211
GeV (Doherty+),defect,4.949748743718593,6.240417637868196e-214,3.115751256281407
GeV (Doherty+),defect,4.974874371859297,1.51859611769385e-210,3.090625628140703
GeV (Doherty+),defect,5.0,3.469397275738427e-207,3.0655
